Question,Slide number,Content
Why do we intentionally block the architecture from evaluating certain elements of the sequence during both the learning phase and the text generation phase?,9,"Transformer Based Models
Transformer is an encoder-decoder architecture with core component attention mechanism. Attention allows the model to focus on the most relevant parts of the input sequence when generating the output. Source: https://huggingface.co/blog/encoder-decoder"
"When attempting to restore incomplete audio-visual streams, how is the backward noise-reduction step visually differentiated when it combines authentic input with artificially generated substitute data?",138,"Method 1: Modality Imputation
AVR: Audio-Visual Relation-aware diffusion model depicts the diffusion and reverse process of concatenated features between real features, while represents the reverse process of features where the pseudo feature and the real feature are concatenated."
"Based on a cited 2022 NAACL paper, what are the three distinct streams of information required to successfully predict an answer when combining visual comprehension with outside databases?",149,"Knowledge-based VQA
Knowledge-based VQA takes three different information sources to predict the answer: input visual information (image), input question, and the external knowledge. Source: KAT: Knowledge Augmented Transformer for Vision-and-Language, NAACL, 2022."
"What specific flaw is introduced when a system clumsily merges the user's prompt with the written descriptions of visual elements to form a single, giant search string?",158,"Challenges with mRAG
Heuristic mRAG methods typically predefined fixed retrieval processes, suffering from challenges: (1) Non-adaptive Retrieval Queries Referring to the fixed retrieval processes and query structures of heuristic mRAG methods (2) Overloaded Retrieval Queries Referring to heuristic mRAG methods merely format single query by concatenating textual descriptions of objects in images with input questions"
"In the introduced benchmark collection for information-seeking tasks, what exact temporal metric is used as the threshold to categorize a fact's evolution speed as either sluggish or rapid?",166,"The Dyn-VQA dataset
Comparison of knowledge-seeking VQA datasets The annotation of fast or slow is determined by whether the updating occurs on yearly basis."
"What specific phrase describes the logical validity of a conditional rule when its triggering premise simply does not occur, thereby neutralizing the rule entirely?",188,"However, when the antecedent is false, the implication is
always true, regardless of the consequent. Logically, we can learn anything from an implication if the antecedent is false. Looking at our example, if it is not raining, the implication doesn say anything about whether indoors or not. could be an indoors type and never walk outside, even when it is not raining, or could be an outdoors type and be outside all the time when it is not raining. When the antecedent is false, we say that the implication is trivially true."
"When a network teaches itself to invoke external computing utilities, what specific mathematical metric dictates whether a candidate invocation is ultimately kept or discarded before being interwoven into the output?",174,"Some of the following slides credit to:
Harvard University-CS 50: Artificial Intelligence in Python"
"When comparing generative baseline models for tracking extreme meteorological events, what visual indicator is explicitly utilized to point out unwanted artifacts or physically unrealistic anomalies?",46,"Example: Stable Diffusion
Source: High-Resolution Image Synthesis with Latent Diffusion Models, CVPR, 2022."
"Is the structural design of the generating module fundamentally different from the analyzing module, or do they share most of their architecture?",11,"Example:
Language Translation with Transformers Source: https://huggingface.co/blog/encoder-decoder Autoregressive generation is the inference-time procedure of iteratively calling model with its own generated outputs, given few initial inputs."
"When charting the cumulative success rates of different self-assessment methodologies for binary categorization, exactly how many distinct challenges were analyzed in the provided graph?",86,"More Reflection, Greater Success
AlfWorld performance across 134 tasks showing cumulative proportions of solved tasks using self-evaluation techniques of (Heuristic) and (GPT) for binary classification. ReAct [ICLR 2023]"
"In the showcased examples of integrated functional calls, what precise mathematical division is demonstrated alongside its percentage result?",89,"A Running Example (1/4)
"
"In the hierarchical memory diagram for a specific villager, what core self-identity is ultimately derived from recursively synthesizing the foundational nodes of his worldly observations?",102,"Stanford AI Village [UIST 2023]
Episodic memory of experience reflection tree for Klaus Mueller. The agent observations of the world, represented in the leaf nodes, are recursively synthesized to derive Klaus self-notion that he is highly dedicated to his research."
What is the initial mechanical setup required in the tangible mystery game before players can actively begin deducing the culprit's identity?,210,"People
Rooms Weapons One card of each category is picked at random and put it in an envelope, and it is up to the participants to uncover whodunnit."
Which specific 2022 academic manuscript involving latent representations is referenced regarding the creation of visual content from linguistic cues?,49,"Multimodal Embedding Spaces
Multimodal learning The multi-modal nature of MLLMs is powered by two encoder models (Text encoder and Image encoder) trained to speak the same language."
What concept describes the ability to flexibly map between completely unrestricted input and output combinations?,125,"What is a Mixture of Experts (MoE)?
Source: Switch Transformers: Scaling to Trillion Parameter Models with Simple and Efficient Sparsity, JMLR, 2022."
"When setting up the initial instructions for generating increasingly difficult gaming objectives, what specific format is used to supply supplementary contextual information to the system?",93,"The system prompt for automatic curriculum (1/3)
(The list of question-answer pairs represents the additional context.)"
"In the introduction to the procedural learning system for the block-building game, which specific commercial company's programming interfaces are explicitly credited for improving the grasp of gameplay rules?",87,"Voyager [TMLR 2024]
procedural memory of skills Objective: Leveraging MLLMs (., OpenAI APIs) for improved game mechanics understanding Innovative Features: Introduction of automatic curriculum and skill library Automatic curriculum proposes increasingly complex tasks Skill library serves as learning and evolution basis Iterative prompting mechanism refines the program and incorporates it into the skill library as new skill Source: Voyager: An Open-Ended Embodied Agent with Large Language Models, Transactions on Machine Learning Research (TMLR), 2024."
"In the section discussing logic challenges, which slide illustrates a scenario where a participant creates a hidden sequence of hues and the opponent attempts to figure it out based on numeric feedback?",214,"Mastermind
Another type of puzzle that can be solved using propositional logic is Mastermind game. In this game, player one arranges colors in certain order, and then player two has to guess this order. Each turn, player two makes guess, and player one gives back number, indicating how many colors player two got right. Let simulate game with four colors."
What specific term is mathematically equated to the process of generating outputs without any guiding prompts or context?,11,"Example:
Language Translation with Transformers Source: https://huggingface.co/blog/encoder-decoder Autoregressive generation is the inference-time procedure of iteratively calling model with its own generated outputs, given few initial inputs."
"In the simulated block-world environment, when the automated entity attempts to manufacture an optical viewing instrument but fails due to missing inventory, what specific geological resource does the internal critique suggest retrieving from underground?",14,"The Transformer Encoder Block (1/5)
Source: https://cs231n.stanford.edu/slides/2022/lecture_11_ruohan.pdf Made up of encoder blocks."
At which specific machine learning conference was the framework handling dozens of distinct tasks officially presented?,118,"The two main challenges
Demanding larger datasets and computations For example, Chameleon (released by Meta, 2024) is trained on 9.2 trillion training tokens (including image tokens) to match LLaMA2, which is trained on 2 trillion training tokens for text performance. Inherent differences in how different modalities are processed In the feature space (across layers), PCA results show the distinct clustering by modality (text, speech, image)."
What generic mathematical variable is utilized in the diagrams to represent the total quantity of stacked processing units comprising the primary analysis framework?,124,"What is a Mixture of Experts (MoE)?
Architecture MoE consists of two main elements: Sparse MoE layers are used instead of dense feed-forward network (FFN) layers. MoE layers have certain number of experts (. 8), where each expert is neural network. gate network or router, that determines which tokens are sent to which expert. Source: https://huggingface.co/blog/moe"
"During the initial practical attempt of the household chore, what specific sequential error did the virtual entity realize it made regarding the order of finding the light source versus the drinkware?",83,"A decision-making example
Task: examine the mug with the desklamp"
"In the scripting implementation of the logical tracker, how is the behavioral constraint that a person cannot simultaneously visit two different friends structurally formulated?",85,"A decision-making example (1/4)
The agent is able to correct its reasoning trace and execute sequence of actions in concise manner!"
"During the process of guessing missing sensory information, what exact type of data substitute is pumped out by the generator designed to analyze relationships between the available inputs?",137,"Method 1: Modality Imputation
RMM: Relation-aware Missing Modal generator generating pseudo features 1. 2. 3."
"During the looping phase of a trial, what exact condition must be satisfied for the interactive cycle between the generation, scoring, and summarization components to finally terminate?",80,"The Reflexion process
Initialization The Actor produces trajectory "" by interacting with the environment. The Evaluator then produces score r"" which is computed as #=M$(""), where # is only scalar reward for trial t. The Self-Reflection model analyzes the set of {"", r""} to produce summary sr"" which is stored in the memory mem, where sr# is verbal experience feedback for trial t. Repeat The Actor, Evaluator, and Self-Reflection model work together through trials in loop until the Evaluator deems sr# to be correct. Note that after each trial t, sr#, is appended mem."
"When setting up the initial instructions for the module responsible for proposing increasingly difficult objectives, what specific formatting structure is noted as representing the supplementary background information?",93,"The system prompt for automatic curriculum (1/3)
(The list of question-answer pairs represents the additional context.)"
"Within the architecture of the self-adjusting orchestrator, which specific component is responsible for analyzing the fetched data and sending real-world reactions back to the main coordinator?",165,"The OmniSearch framework
The planning agent is the core module that formulates sub-questions and plans the subsequent retrieval action based on real-world feedback (., retrieved content or solver output). Actual retrieval action is execute by the retriever. Then, sub-question solver generates feedback on sub-question based on the retrieval content and update it to the planner."
I'm reviewing the mathematical function used to inject sequence order into attention-based architectures. What are the four specific design requirements this mathematical function must satisfy to be considered effective?,26,"Self-Attention Layer
Source: https://cs231n.stanford.edu/slides/2022/lecture_11_ruohan.pdf Permutation equivariant Self-attention layer doesn care about the orders of the inputs! Problem: How can we encode ordered sequences like language or spatially ordered image features? That why we need positional encoding!"
"When dealing with facts that update very quickly, why is a single, initial search step considered inadequate, and what must the system rely on to separate old from new facts?",160,"Dynamic questions
Since the context knowledge of such question updates frequently, the retrieved content may be mixed with outdated and newer knowledge that is difficult to distinguish. This requires mARG methods to flexibly plan additional retrievals based on feedback from current retrieved content for further comprehension, rather than merely one-time retrieval."
"In the human-annotated examples demonstrating different descriptive lengths, what specific decorative element is mentioned as being placed alongside the chilled beverage?",83,"A decision-making example
Task: examine the mug with the desklamp"
Why does a scenario involving weather conditions and a specific day of the week logically result in exactly four potential truth-value configurations?,191,"A model
: It is raining.: It is Tuesday. {=true,=false} In fact, there are more possible models, say 22=4 because we have two propositions."
How is the production-phase mechanism formally defined when a model iteratively consumes its own previous predictions to continue building a translation?,11,"Example:
Language Translation with Transformers Source: https://huggingface.co/blog/encoder-decoder Autoregressive generation is the inference-time procedure of iteratively calling model with its own generated outputs, given few initial inputs."
What is the primary performance benefit of using a specialized vision-to-language module to rewrite the training labels for large datasets?,54,"The RECAP Framework
This work proposes to relabel the corpus with improved captions that are auto-generated by custom I2T (image-to-text) model, so as to increase sample efficiency and allow vision-language model to better understand the relations between captions and images."
"When creating shared representation structures, what are the most common pairs of sensory inputs sourced from online repositories?",48,"Multimodal Embedding Spaces
Multimodal embedding spaces are typically learned by collecting large amounts of paired multimodal data from the Internet, often images and text, and learning encoders for each modality using pairwise similarity objective."
How do we conceptually describe the mechanism that stops positional arrays from gaining information from positions that occur later in the sequence?,26,"Self-Attention Layer
Source: https://cs231n.stanford.edu/slides/2022/lecture_11_ruohan.pdf Permutation equivariant Self-attention layer doesn care about the orders of the inputs! Problem: How can we encode ordered sequences like language or spatially ordered image features? That why we need positional encoding!"
What is the fully expanded terminology for the standard artificial neural network layer explicitly defined at the very end of the architectural diagram breakdown?,27,"Multi-Head Self-Attention Layer
Source: https://cs231n.stanford.edu/slides/2022/lecture_11_ruohan.pdf Multiple self-attention heads in parallel Self-attention of Head0 Self-attention of Head1 Self-attention of Head3."
"In the case comparing the commercial success of two film industry figures, what was the specific estimated financial revenue attributed to the winning individual?",58,"Results
"
Why do we have to rely on an artificial neural architecture to approximate the step-by-step reconstruction phase instead of just computing the exact probabilities directly?,44,"Denoising Diffusion Models
Source: https://lilianweng.github.io/posts/2021-07-11-diffusion-models/ Reverse denoising process: Removing noise We can directly calculate (xt1xt) because it involves complex data-related calculations. Instead, we model the reverse process with neural network to estimate (xt1xt). Model"
What specific mechanism decides the exact pathway that individual pieces of data take when navigating the specialized sub-networks?,31,"The Transformer Decoder Block (3)
Most of the network is the same the transformer encoder. Masked Self-attention only interacts with past inputs."
"If we are working with a strict computing allowance, what is the recommended strategy regarding the size of our architecture versus how long we run the learning phase?",118,"The two main challenges
Demanding larger datasets and computations For example, Chameleon (released by Meta, 2024) is trained on 9.2 trillion training tokens (including image tokens) to match LLaMA2, which is trained on 2 trillion training tokens for text performance. Inherent differences in how different modalities are processed In the feature space (across layers), PCA results show the distinct clustering by modality (text, speech, image)."
"How is the system structured to execute multiple independent tracking processes simultaneously, specifically noting a numerical skip in the sequence of the named sub-components?",27,"Multi-Head Self-Attention Layer
Source: https://cs231n.stanford.edu/slides/2022/lecture_11_ruohan.pdf Multiple self-attention heads in parallel Self-attention of Head0 Self-attention of Head1 Self-attention of Head3."
"During the automated introspection loop designed to build long-term memory, how does the output structure from the scoring module fundamentally differ in data format from the output produced by the introspection module?",80,"The Reflexion process
Initialization The Actor produces trajectory "" by interacting with the environment. The Evaluator then produces score r"" which is computed as #=M$(""), where # is only scalar reward for trial t. The Self-Reflection model analyzes the set of {"", r""} to produce summary sr"" which is stored in the memory mem, where sr# is verbal experience feedback for trial t. Repeat The Actor, Evaluator, and Self-Reflection model work together through trials in loop until the Evaluator deems sr# to be correct. Note that after each trial t, sr#, is appended mem."
"When discussing existing vehicular simulation paradigms, which specific methodology is described as functioning primarily as an information generator within the visual realm?",64,"Example:
Policy World Model for Driving [NeurIPS 2025] Comparison of video world models for autonomous driving Conventional video world models typically serve as data engines for stimulation in pixel space. Unified world models perform video generation and planning as separate tasks. The proposed policy world model performs planning based on the learned world knowledge."
What is the exact name of the architecture presented in a recent venue that achieves broad adaptability across unconstrained input-output mapping configurations?,120,"Mixture-of-Transformers
Architecture (MoT) The proposed MoT decouples the parameters by modality while maintaining global self-attention."
What specific variable is used to denote the total count of repeating structural sub-units that make up the primary processing architecture?,27,"Multi-Head Self-Attention Layer
Source: https://cs231n.stanford.edu/slides/2022/lecture_11_ruohan.pdf Multiple self-attention heads in parallel Self-attention of Head0 Self-attention of Head1 Self-attention of Head3."
"During the tabular evaluation of states, what is the justification for invalidating a scenario where the specific day arrives without precipitation, yet the anticipated jogging activity does not occur?",196,"! If it didn't rain, Amy visited Bobby today.
"" Amy visited Bobby or Carson today, but not both. # Amy visited Carson today. $ Amy did not visit Bobby today. % It rained today. (4)(5) are inferred from (1)(2)(3)."
What specific formatting flaw causes search requests to become too burdensome in rigidly structured information-seeking pipelines?,158,"Challenges with mRAG
Heuristic mRAG methods typically predefined fixed retrieval processes, suffering from challenges: (1) Non-adaptive Retrieval Queries Referring to the fixed retrieval processes and query structures of heuristic mRAG methods (2) Overloaded Retrieval Queries Referring to heuristic mRAG methods merely format single query by concatenating textual descriptions of objects in images with input questions"
Which branch of physics involving systems lacking macroscopic balance serves as the foundational inspiration for the discussed generative algorithms?,46,"Example: Stable Diffusion
Source: High-Resolution Image Synthesis with Latent Diffusion Models, CVPR, 2022."
"During the multi-step economic calculation scenario, what is the exact estimated monetary figure for the East Asian country's economic output in the year directly preceding the target forecasting year?",164,"OmniSearch
Which one of them has the highest GDP? South Korea Taiwan"
"For the 2023 framework that generates one candidate reply per fetched document, what specific strategy is used to combine granular, word-piece level connections to evaluate overall match quality?",156,"RA-VQA-v2 [NeurIPS 2023]
The answer generator takes the text query, the image, and the retrieved documents as input, generating one candidate answer per retrieved document. The answer with the highest joint probability is selected. Relevance score between the query and the document is computed by aggregating the fine-grained relevance at token level with late interaction mechanism."
"When evaluating the system's performance on the dataset where either visual or acoustic inputs are omitted, what specific acronym represents the foundational architecture adopted as the comparison baseline?",127,"Experiments: Setting (2)
Performance with Speech Integration at 7B Scale"
"When integrating external databases to augment generation, what are the two distinct workflows used to translate the initial visual input into a format suitable for searching?",158,"Challenges with mRAG
Heuristic mRAG methods typically predefined fixed retrieval processes, suffering from challenges: (1) Non-adaptive Retrieval Queries Referring to the fixed retrieval processes and query structures of heuristic mRAG methods (2) Overloaded Retrieval Queries Referring to heuristic mRAG methods merely format single query by concatenating textual descriptions of objects in images with input questions"
"Under the comparative analysis of vehicular autonomy paradigms, which specific approach is noted for treating the creation of visual sequences and the strategizing of movements as completely decoupled processes?",64,"Example:
Policy World Model for Driving [NeurIPS 2025] Comparison of video world models for autonomous driving Conventional video world models typically serve as data engines for stimulation in pixel space. Unified world models perform video generation and planning as separate tasks. The proposed policy world model performs planning based on the learned world knowledge."
"Following the step-by-step breakdown of the failed first chore attempt, what ultimate conclusion is drawn regarding the agent's capacity to modify its logical progression?",85,"A decision-making example (1/4)
The agent is able to correct its reasoning trace and execute sequence of actions in concise manner!"
"During the extraction of dynamic information for generating visual physics simulations, what specific mathematical transformation is concatenated directly with the network's cross-referencing layers?",17,"Positional Encoding
Source: Attention is all you need, NeurIPS, 2017."
How does the framework presented in the 2023 NeurIPS paper transform simple success or failure signals into a format that the multimodal model can actually read and use for its next attempt?,140,"Method 2: Architecture-Focused Models
Core idea: Dynamic adjust to handle the absence of certain modality. Source: DrFuse: Learning Disentangled Representation for Clinical Multi-Modal Fusion with Missing Modality and Modal Inconsistency, AAAI, 2024. electronic health record"
"In the detailed diagram outlining an animal biology query, what is the stated count of primary or 'baby' chewing structures typical for a feline?",17,"Positional Encoding
Source: Attention is all you need, NeurIPS, 2017."
The image generation technique that operates by iteratively manipulating Gaussian distributions traces its core theoretical inspiration back to which specific branch of physics?,38,"Text to Image Generation
with Diffusion Based Models Source: https://sgvr.kaist.ac.kr/~sungeui/CG/Slides/slides_24/CS380_Talk3_Diffusion.pdf Diffusion Process If we look at the movement of single molecule on very short time scale, it follows Gaussian distribution. Since the direction of mixing and the opposite direction are the same in very short time, the opposite direction also follows Gaussian distribution."
Which fundamental scientific concept is explicitly provided alongside a traditional Chinese translation to explain the inspiration behind these generative algorithms?,104,"Knowledge
Wen-Huang Cheng National Taiwan University wenhuang@csie.ntu.edu.tw Artificial Intelligence"
"In the 2022 framework that successfully identifies a piece of living room furniture in its case study, what specific filtering mechanism is applied directly to the external encyclopedia text?",151,"Example: KAT [NAACL 2022]
Sliding Window External Source (., Wikipedia) Knowledge (., Entity: Description) Trainera: trainera is traditional boat of the. Answering Model Answer: couch Source: KAT: Knowledge Augmented Transformer for Vision-and-Language, NAACL, 2022."
"For the newly rewritten detailed descriptions fixing the flawed anatomy metadata, what specific material is the anatomical structure described as being constructed from?",140,"Method 2: Architecture-Focused Models
Core idea: Dynamic adjust to handle the absence of certain modality. Source: DrFuse: Learning Disentangled Representation for Clinical Multi-Modal Fusion with Missing Modality and Modal Inconsistency, AAAI, 2024. electronic health record"
How many independent feature extraction frameworks are fundamentally required to enable the cross-sensory functions of advanced foundational models?,50,"Multimodal Embedding Spaces
Source: 4M-21: An Any-to-Any Vision Model for Tens of Tasks and Modalities, NeurIPS, 2024. Multimodal learning: Generalization across any-to-any modalities [NeurIPS 2024]"
Which section of the empirical evaluations specifically analyzes the incorporation of spoken audio into the seven billion parameter framework?,127,"Experiments: Setting (2)
Performance with Speech Integration at 7B Scale"
"During the self-teaching phase of external utility integration, what mathematical criterion is used to discard unhelpful function executions?",95,"The system prompt for automatic curriculum (3/3)
"
Why is it stated that the reverse trajectory of matter shares the identical normal probability curve as its blending trajectory during brief observational windows?,38,"Text to Image Generation
with Diffusion Based Models Source: https://sgvr.kaist.ac.kr/~sungeui/CG/Slides/slides_24/CS380_Talk3_Diffusion.pdf Diffusion Process If we look at the movement of single molecule on very short time scale, it follows Gaussian distribution. Since the direction of mixing and the opposite direction are the same in very short time, the opposite direction also follows Gaussian distribution."
How do traditional reasoning entities function when interacting with their internalized frameworks of information?,175,"Classic logic-based agents
agents that reason by operating on logic-based representations of knowledge"
"Through the recursive synthesis of discrete environmental observations gathered in bottom-tier nodes, what specific personal conviction does the system ultimately deduce for the simulated academic researcher?",102,"Stanford AI Village [UIST 2023]
Episodic memory of experience reflection tree for Klaus Mueller. The agent observations of the world, represented in the leaf nodes, are recursively synthesized to derive Klaus self-notion that he is highly dedicated to his research."
How is the specialized task of converting visual content into descriptive linguistic formats formally defined in this presentation?,54,"The RECAP Framework
This work proposes to relabel the corpus with improved captions that are auto-generated by custom I2T (image-to-text) model, so as to increase sample efficiency and allow vision-language model to better understand the relations between captions and images."
What upcoming 2025 conference presentation outlines a consolidated methodology allowing a solitary system to handle both segmented text and fluid visual data?,128,"Experiments: Setting (3)
Transfusion [ICLR 2025] introduces unified framework that enables single transformer model to process both discrete text and continuous image modalities."
"In the context of the newly introduced 2025 autonomous navigation system, what serves as the core foundational basis for its strategic maneuvering?",64,"Example:
Policy World Model for Driving [NeurIPS 2025] Comparison of video world models for autonomous driving Conventional video world models typically serve as data engines for stimulation in pixel space. Unified world models perform video generation and planning as separate tasks. The proposed policy world model performs planning based on the learned world knowledge."
Where can I find the visual samples that demonstrate the creation of novel pictures from scratch by the model exposed to half a trillion data pieces?,46,"Example: Stable Diffusion
Source: High-Resolution Image Synthesis with Latent Diffusion Models, CVPR, 2022."
What specific constraint is placed on the initial processing layer to guarantee it only synthesizes information from historical elements?,101,"Stanford AI Village [UIST 2023]
Episodic memory of experience The memory stream comprises large number of observations that are relevant and irrelevant to the agent current situation. Retrieval identifies subset of these observations that should be passed to the language model to condition its response to the situation."
Which section provides concrete numerical evidence regarding the massive scale of data required to train a recent vision-capable algorithm compared to its text-only predecessor?,118,"The two main challenges
Demanding larger datasets and computations For example, Chameleon (released by Meta, 2024) is trained on 9.2 trillion training tokens (including image tokens) to match LLaMA2, which is trained on 2 trillion training tokens for text performance. Inherent differences in how different modalities are processed In the feature space (across layers), PCA results show the distinct clustering by modality (text, speech, image)."
"In the 2024 TMLR paper concerning procedural memory, what specific mechanism is responsible for modifying a newly generated program before it gets permanently archived as a capability?",88,"Voyager [TMLR 2024]
procedural memory of skills"
"Looking at the final, most complete iteration of the four-part workflow diagram for the gaming agent, what specific internal checking mechanism is introduced directly below the 'Refine Program' step?",85,"A decision-making example (1/4)
The agent is able to correct its reasoning trace and execute sequence of actions in concise manner!"
"In the visual processing pipeline that determines the dental count of a feline, what mathematical operation is applied directly after evaluating the token-level embeddings?",17,"Positional Encoding
Source: Attention is all you need, NeurIPS, 2017."
"Into what specific digital components of an image do the algorithms inject randomized statistical interference, inspired by thermodynamic behavior?",39,"Text to Image Generation
with Diffusion Based Models Source: https://sgvr.kaist.ac.kr/~sungeui/CG/Slides/slides_24/CS380_Talk3_Diffusion.pdf Diffusion Process Just as we viewed the molecule motion as Gaussian-distributed noise We add Gaussian-distributed noise to the pixel"
"If we choose not to train a parameter matrix for mapping sequence positions, what alternative approach is explicitly proposed to meet the system's requirements?",20,"Positional Encoding
Source: Attention is all you need, NeurIPS, 2017. Options for pos(.) 1. Learn lookup table: Learn parameters to use for pos for [0,) Lookup table contains parameters. 2. Design fixed function with the desiderata"
"What core design philosophy inspires the proposed 2025 framework to break down highly complex visual prompts into smaller, sequential steps?",67,"Example:
RT-2: Vision-Language-Action Models [PLMR 2023]"
"When segregating network weights by data type, which specific architectural components bypass the shared embedding and are maintained independently?",48,"Multimodal Embedding Spaces
Multimodal embedding spaces are typically learned by collecting large amounts of paired multimodal data from the Internet, often images and text, and learning encoders for each modality using pairwise similarity objective."
"Which specific typographical symbol is utilized in the provided index to denote a two-way, mutually dependent relationship between statements?",180,"Proposition Symbols
used to represent proposition"
"In the comparative case study analyzing cinema ticket sales, what exact financial figure is retrieved from the web for the individual who ultimately grossed less?",173,"Case study
(bad case): 2/2"
How do traditional simulation engines differ from the newly proposed integrated architecture in the context of autonomous navigation systems?,64,"Example:
Policy World Model for Driving [NeurIPS 2025] Comparison of video world models for autonomous driving Conventional video world models typically serve as data engines for stimulation in pixel space. Unified world models perform video generation and planning as separate tasks. The proposed policy world model performs planning based on the learned world knowledge."
"Which section is specifically titled to denote the overarching structural blueprint of an autonomous entity, illustrating its operational hierarchies without indicating that any components will be deferred to a later date?",65,"Example:
Policy World Model for Driving [NeurIPS 2025] Overview of the Policy World Model"
"When aligning different types of data formats into a unified representation space, what specific optimization goal is used to train the respective representation extractors on massive web datasets?",48,"Multimodal Embedding Spaces
Multimodal embedding spaces are typically learned by collecting large amounts of paired multimodal data from the Internet, often images and text, and learning encoders for each modality using pairwise similarity objective."
What proposed alternative methodology is suggested for implementing sequence location embeddings if one wishes to avoid utilizing a trainable parameter matrix?,19,"Positional Encoding
Source: Attention is all you need, NeurIPS, 2017. Desiderata of pos(.): 1. It should output unique encoding for each time-step (word position in sentence) 2. Distance between any two time-steps should be consistent across sentences with different lengths. 3. Our model should generalize to longer sentences without any efforts. Its values should be bounded. 4. It must be deterministic. Options for pos(.) 1. Learn lookup table: Learn parameters to use for pos for [0,) Lookup table contains parameters."
"During the iterative improvement loop of the text-based reinforcement framework, what exact condition must be met for the interactive trials to finally terminate?",80,"The Reflexion process
Initialization The Actor produces trajectory "" by interacting with the environment. The Evaluator then produces score r"" which is computed as #=M$(""), where # is only scalar reward for trial t. The Self-Reflection model analyzes the set of {"", r""} to produce summary sr"" which is stored in the memory mem, where sr# is verbal experience feedback for trial t. Repeat The Actor, Evaluator, and Self-Reflection model work together through trials in loop until the Evaluator deems sr# to be correct. Note that after each trial t, sr#, is appended mem."
What is the fundamental distinction between a mere syntactic link combining two statements and the overarching relationship where the truth of one entire set of information guarantees the truth of another?,194,"For example, if α: “It is a Tuesday in January” and β: “It
is January, then we know that.If it is true that it is Tuesday in January, we also know that it is January. Entailment is different from implication. Implication is logical connective between two propositions. Entailment, on the other hand, is relation that means that if all the information in is true, then all the information in is true."
"During the initial phase of the experimental setups, at what precise percentage of completion was the multi-goal learning process recorded?",126,"Experiments: Setting (1)
Note: MoT at 55.8% training steps"
At what point do we shift our focus from the macroscopic layout of the stacked generative modules to explicitly examining the internal workings of a single unit?,17,"Positional Encoding
Source: Attention is all you need, NeurIPS, 2017."
What specific factors make the optimization of standard unified-architecture algorithms particularly difficult when blending multiple distinct data types simultaneously?,118,"The two main challenges
Demanding larger datasets and computations For example, Chameleon (released by Meta, 2024) is trained on 9.2 trillion training tokens (including image tokens) to match LLaMA2, which is trained on 2 trillion training tokens for text performance. Inherent differences in how different modalities are processed In the feature space (across layers), PCA results show the distinct clustering by modality (text, speech, image)."
What specific data transformation steps are identified as mandatory prerequisites for converting standard text-generating networks into fully functional autonomous decision-makers?,8,"Sequence to Sequence Generation
with Transformer Based Models Input: Sequence x1,., xT Output: Sequence y1,., yT Transformer is an encoder-decoder architecture: An encoder (neural network) analyzes the input and builds an intermediate representation (.context vector) of it; decoder (neural network) analyzes the intermediate representation and creates an output. Source: https://huggingface.co/blog/encoder-decoder"
Why does answering a query about the final academic schedule date for a specific Taiwanese university require more than just the model's basic internal parameters?,146,"Explicit knowledge
Let consider one task for now: question answering (QA).: What is the last day of classes for the next semester at National Taiwan University?: What is 1 + 2?: 3 Requires external knowledge"
Which specific internal components are cited as the driving force behind the cross-format capabilities of advanced language architectures?,73,"Toolformer: Language Models Can Teach
Themselves to Use Tools [NeurIPS 2023] Key steps: Given an input text, we first sample position and corresponding API call candidates c1i, c2i,., cki. We then execute these API calls and filter out all calls which do not reduce the loss Li over the next tokens. All remaining API calls are interleaved with the original text, resulting in new text."
What specific software developed by a major AI laboratory is mentioned as an example of creating lifelike visuals from written descriptions?,36,"Text to Image Generation
with Diffusion Based Models Source: Hierarchical Text-Conditional Image Generation with CLIP Latents, arXiv, 2022. Text to Image Generation Generating realistic images from text descriptions by OpenAI DALL 2"
What are the three specific sub-topics listed under the introductory section concerning artificial intelligence entities that can interact with their environment?,1,"Preliminaries and AI Agent Basics
Wen-Huang Cheng National Taiwan University wenhuang@csie.ntu.edu.tw Artificial Intelligence"
"Under a strictly constrained computational budget, what scaling principle explains why building a massively scaled network architecture executed for fewer training iterations yields superior quality compared to a smaller dense network trained extensively?",118,"The two main challenges
Demanding larger datasets and computations For example, Chameleon (released by Meta, 2024) is trained on 9.2 trillion training tokens (including image tokens) to match LLaMA2, which is trained on 2 trillion training tokens for text performance. Inherent differences in how different modalities are processed In the feature space (across layers), PCA results show the distinct clustering by modality (text, speech, image)."
"In the troubleshooting example involving a hearing-impaired performer, what specific sci-fi character's appearance was mistakenly retrieved due to a poorly phrased query?",138,"Method 1: Modality Imputation
AVR: Audio-Visual Relation-aware diffusion model depicts the diffusion and reverse process of concatenated features between real features, while represents the reverse process of features where the pseudo feature and the real feature are concatenated."
What structural representation is used to recursively process basic observations to conclude that a specific persona has a strong commitment to their academic work?,102,"Stanford AI Village [UIST 2023]
Episodic memory of experience reflection tree for Klaus Mueller. The agent observations of the world, represented in the leaf nodes, are recursively synthesized to derive Klaus self-notion that he is highly dedicated to his research."
Which academic publication from a 2022 journal is referenced as the foundation for scaling network capacities to a trillion parameters via simplified sparsity?,118,"The two main challenges
Demanding larger datasets and computations For example, Chameleon (released by Meta, 2024) is trained on 9.2 trillion training tokens (including image tokens) to match LLaMA2, which is trained on 2 trillion training tokens for text performance. Inherent differences in how different modalities are processed In the feature space (across layers), PCA results show the distinct clustering by modality (text, speech, image)."
"In the experiment comparing simple scaling against solver-driven feedback, by exactly how many percentage points does the two-sample approach on the smaller base network beat the heavily optimized setup that utilizes a model ten times its size?",126,"Experiments: Setting (1)
Note: MoT at 55.8% training steps"
"Based on the analogy of microscopic particle movement, what specific mathematical perturbation is applied directly to the individual elements of a digital picture?",37,"Text to Image Generation
with Diffusion Based Models Source: https://sgvr.kaist.ac.kr/~sungeui/CG/Slides/slides_24/CS380_Talk3_Diffusion.pdf Diffusion Process Diffusion models are inspired by non-equilibrium thermodynamics. For small fraction of the time, it is difficult to determine whether particles are moving in the direction of mixing or in the opposite direction."
"When a network architecture separates its learning weights based on the type of sensory input, which specific sub-components of the network layer are isolated from one another, apart from the initial token embeddings?",23,"Self-Attention Layer
Source: https://cs231n.stanford.edu/slides/2022/lecture_11_ruohan.pdf Inputs: Input vectors: (shape:) Outputs: Context vectors: (shape:)"
What empirical evidence shows that leveraging self-face reflection achieves higher accuracy on two specific facial datasets than just applying standard mirror transformation techniques to a ResNet-18 baseline?,145,"42
Compared to simple flip augmentation, our decoupling model takes the advantage of facial chirality and is able to outperform SOTA at the time. Effective Feature Extraction for FER RAF-DB FERPlus Methods Accuracy ResNet-18 84.12 ResNet-18 (/flip augmentation) 85.95 WS-LGRN (IJCAI 2020) 85.79 DDA Loss (CVPR Workshop 2020) 86.90 RAN (IEEE-TIP 2020) 86.90 SCN (CVPR 2020) 87.03 OURS 87.35 Methods Accuracy ResNet-18 82.95 ResNet-18 (/flip augmentation) 84.62 TFE-JL (IEEE-TAC 2018) 84.30 SHCNN (IEEE Access 2019) 86.54 SCN (CVPR 2020) 86.40 ESRs (AAAI 2020) 86.93 OURS 87.73 Ling Lo, HongXia Xie, Hong-Han Shuai and Wen-Huang Cheng, Facial Chirality: Using Self-Face Reflection to Learn Discriminative Features for Facial Expression Recognition, ICME 2021 (Best Paper Award)"
How exactly does the proposed algorithm mathematically separate the asymmetrical characteristics from the actual emotion within the hidden representation layers?,142,"39
Facial Chirality Psychological studies show that emotional faces are asymmetric. Powell,.Ryan, and James.Schirillo. ""Asymmetrical facial expressions in portraits and hemispheric laterality: literature review."" Laterality 14.6 (2009): 545-572. However, face image and its reflection are with exact the same expression. Effective Feature Extraction for FER Ling Lo, HongXia Xie, Hong-Han Shuai and Wen-Huang Cheng, Facial Chirality: Using Self-Face Reflection to Learn Discriminative Features for Facial Expression Recognition, ICME 2021 (Best Paper Award)"
"How is the categorization of tangible domain information structured to contrast rapid, immediate comprehension with deliberate, sluggish cognition?",215,"Remarks
Real-world knowledge plays vital role in human intelligence. Dynamics Physical World Knowledge Taxonomy Horizon Deep Semantics (slow-thinking) Surface Semantics (fast-thinking) Static Dynamic Object Permanence Object Properties Spatial Relation Object Affordance Temporal Relation Planning Situation/Event (Image) Action (Video)"
How are the final conclusions regarding the weather status and a cancelled social meeting mathematically derived from the initial three behavioral premises?,196,"! If it didn't rain, Amy visited Bobby today.
"" Amy visited Bobby or Carson today, but not both. # Amy visited Carson today. $ Amy did not visit Bobby today. % It rained today. (4)(5) are inferred from (1)(2)(3)."
"During a step-by-step trial to identify an actor with hearing loss in a famous animated comedy, what specific sci-fi character did the system mistakenly retrieve information about before correcting its strategy?",138,"Method 1: Modality Imputation
AVR: Audio-Visual Relation-aware diffusion model depicts the diffusion and reverse process of concatenated features between real features, while represents the reverse process of features where the pseudo feature and the real feature are concatenated."
Why might an AI need to rely on specific character markers to access external utilities like computational or lookup services?,66,"MLLMs as Agent Models
MLLMs predict model-specific tokens AI Agents predict observation-action sequences Policy model: World model: MLLMs are agent models if we can Tokenize observations Tokenize actions (w!, w"",., w#) w#$! (o!, a!, o"", a"",., o#) a# (o!, a!, o"", a"",., o#, a#) o#$!"
Which part of the third experimental setup details the empirical outcomes for optimizing multiple distinct goals simultaneously?,131,"Experiments: Setting (3)
Multi-objective training performance in MoT"
Under what precise meteorological and physical location circumstances does the presented rule about staying inside during wet weather become logically invalid?,187,"When the antecedent is true, the whole implication is true in
the case that the consequent is true., if it is raining and indoors, then the sentence if it is raining, then indoors is true. When the antecedent is true, the implication is false if the consequent is false., if outside while it is raining, then the sentence If it is raining, then indoors is false."
What linguistic metaphor is used to describe the ultimate goal of training separate vision and text processing modules together?,49,"Multimodal Embedding Spaces
Multimodal learning The multi-modal nature of MLLMs is powered by two encoder models (Text encoder and Image encoder) trained to speak the same language."
"During the internal success-checking phase, the gaming agent realizes it cannot build the optical viewing instrument. What exact missing raw material prevents the completion of this specific recipe?",83,"A decision-making example
Task: examine the mug with the desklamp"
"Given that a simulated character records a massive amount of both useful and useless information over time, what specific process is used to isolate the exact data needed to shape its reaction to a given scenario?",99,"Stanford AI Village [UIST 2023]
Episodic memory of experience Source: Generative Agents: Interactive Simulacra of Human Behavior, UIST, 2023."
Why is it inherently difficult for artificial entities to autonomously generate constructive critiques of their own past performance?,78,"Transforming Experience into Long-Term Memory
For agents, however, generating useful reflective feedback is challenging since it requires: good understanding of where the model made mistakes; the ability to generate summary containing actionable insights for improvement."
How is the forecasting of the subsequent environmental state mathematically represented on the slide that also establishes the explicit necessity for input and output discretization?,65,"Example:
Policy World Model for Driving [NeurIPS 2025] Overview of the Policy World Model"
What two specific capabilities must be achieved regarding inputs and outputs in order to consider large multimodal systems as functional autonomous entities?,113,"Multimodal Knowledge in AI Agents
The integration of multimodal understanding is essential for developing sophisticated generalist AI agents. In the context of AI agents, knowledge refers to the processing and representation of diverse data types (such as text, images, and speech) within unified MLLM framework."
Which section simply supplements the lecture with an external media hyperlink to explain universally valid formulas versus situationally dependent ones using traditional Chinese terms?,93,"The system prompt for automatic curriculum (1/3)
(The list of question-answer pairs represents the additional context.)"
"If the primary mechanism that relates different parts of an input to each other ignores the sequence in which the data arrives, what is the stated reason for needing an extra mechanism to track structural arrangement?",26,"Self-Attention Layer
Source: https://cs231n.stanford.edu/slides/2022/lecture_11_ruohan.pdf Permutation equivariant Self-attention layer doesn care about the orders of the inputs! Problem: How can we encode ordered sequences like language or spatially ordered image features? That why we need positional encoding!"
What is the stated end goal of utilizing hierarchical conditional models in the context of interpreting descriptive language?,195,"inference
the process of deriving new sentences from old ones"
"During extremely brief temporal windows, why does analyzing the physical blending of matter become highly ambiguous regarding its trajectory?",37,"Text to Image Generation
with Diffusion Based Models Source: https://sgvr.kaist.ac.kr/~sungeui/CG/Slides/slides_24/CS380_Talk3_Diffusion.pdf Diffusion Process Diffusion models are inspired by non-equilibrium thermodynamics. For small fraction of the time, it is difficult to determine whether particles are moving in the direction of mixing or in the opposite direction."
What explicit capability does the core routing module grant the network to ensure it prioritizes the most crucial elements of the source sequence during output creation?,9,"Transformer Based Models
Transformer is an encoder-decoder architecture with core component attention mechanism. Attention allows the model to focus on the most relevant parts of the input sequence when generating the output. Source: https://huggingface.co/blog/encoder-decoder"
How do the lecture materials distinguish between verifiable facts stored in databases and the underlying patterns algorithms absorb from massive corpora?,198,"Model Checking
way to infer new knowledge based on existing knowledge"
"When comparing self-evaluation techniques for binary classification, exactly how many distinct challenges were analyzed to chart the cumulative proportion of successes?",86,"More Reflection, Greater Success
AlfWorld performance across 134 tasks showing cumulative proportions of solved tasks using self-evaluation techniques of (Heuristic) and (GPT) for binary classification. ReAct [ICLR 2023]"
"In a directional conditional statement linking two events, what formal terminology is introduced to identify the initial premise and its resulting outcome?",186,"Implication represent a structure of “if P then Q”
For example: if: It is raining and: indoors then means If it is raining, then indoors. In the case of implies, is called the antecedent and is called the consequent."
"In a compartmentalized network structure, what specific mechanism is responsible for directing individual pieces of input data to the appropriate processing sub-network?",31,"The Transformer Decoder Block (3)
Most of the network is the same the transformer encoder. Masked Self-attention only interacts with past inputs."
What specific mathematical value is assigned to the compatibility scores of upcoming sequence positions to successfully blind the model to them?,18,"Positional Encoding
Source: Attention is all you need, NeurIPS, 2017. Desiderata of pos(.): 1. It should output unique encoding for each time-step (word position in sentence) 2. Distance between any two time-steps should be consistent across sentences with different lengths. 3. Our model should generalize to longer sentences without any efforts. Its values should be bounded. 4. It must be deterministic."
"Which slide initially outlines the four foundational criteria for sequence mapping functions, strictly before suggesting any concrete ways to implement them?",174,"Some of the following slides credit to:
Harvard University-CS 50: Artificial Intelligence in Python"
What specific 2022 publication from the Journal of Machine Learning Research is cited as a foundational reference for achieving extreme algorithmic scale through streamlined sparsity?,118,"The two main challenges
Demanding larger datasets and computations For example, Chameleon (released by Meta, 2024) is trained on 9.2 trillion training tokens (including image tokens) to match LLaMA2, which is trained on 2 trillion training tokens for text performance. Inherent differences in how different modalities are processed In the feature space (across layers), PCA results show the distinct clustering by modality (text, speech, image)."
"In the proposed technique utilizing a relation-aware generative model, which specific diagram segment illustrates the backward mapping steps when combining synthesized representations with actual ones?",8,"Sequence to Sequence Generation
with Transformer Based Models Input: Sequence x1,., xT Output: Sequence y1,., yT Transformer is an encoder-decoder architecture: An encoder (neural network) analyzes the input and builds an intermediate representation (.context vector) of it; decoder (neural network) analyzes the intermediate representation and creates an output. Source: https://huggingface.co/blog/encoder-decoder"
"According to the cited 2021 academic paper on the virtual mock-up environment, what exact type of high-level, word-driven strategies is the system designed to teach the simulated actors?",87,"Voyager [TMLR 2024]
procedural memory of skills Objective: Leveraging MLLMs (., OpenAI APIs) for improved game mechanics understanding Innovative Features: Introduction of automatic curriculum and skill library Automatic curriculum proposes increasingly complex tasks Skill library serves as learning and evolution basis Iterative prompting mechanism refines the program and incorporates it into the skill library as new skill Source: Voyager: An Open-Ended Embodied Agent with Large Language Models, Transactions on Machine Learning Research (TMLR), 2024."
In what specific journal is the 2026 comprehensive review published that discusses how systems can keep working effectively even when one type of sensory input is completely unavailable?,140,"Method 2: Architecture-Focused Models
Core idea: Dynamic adjust to handle the absence of certain modality. Source: DrFuse: Learning Disentangled Representation for Clinical Multi-Modal Fusion with Missing Modality and Modal Inconsistency, AAAI, 2024. electronic health record"
"In the hypothetical deduction puzzle detailing visits among three individuals, what is the ultimately deduced weather condition for that specific day?",196,"! If it didn't rain, Amy visited Bobby today.
"" Amy visited Bobby or Carson today, but not both. # Amy visited Carson today. $ Amy did not visit Bobby today. % It rained today. (4)(5) are inferred from (1)(2)(3)."
"In an unsuccessful trial detailing an economic projection, what exact percentage increase did the system attempt to apply to a base figure of $1.71 trillion?",172,"Case study
(bad case): 1/2"
Which specific 2024 academic publication demonstrates a system capable of bridging numerous distinct data formats?,166,"The Dyn-VQA dataset
Comparison of knowledge-seeking VQA datasets The annotation of fast or slow is determined by whether the updating occurs on yearly basis."
What exact numerical value is assigned to the compatibility metrics of upcoming sequence elements to mathematically prevent the network from looking ahead?,157,"RA-VQA-v2 [NeurIPS 2023]
The relevance score between question-image pair!q= (q, I) and document d= (d, I!) is computed as follows: r""q, d= r q, I, d, I!=) ""#$ %(' max*#$ %('!)""q"" d*.!q l(!q) (with tokens) d l(d) (with tokens) MaxSim!q!"
Which part of the presentation provides practical demonstrations of modifying and altering existing visual content using the seven billion parameter system?,67,"Example:
RT-2: Vision-Language-Action Models [PLMR 2023]"
Where can one find the high-level visual summarization or structural outline specifically designated for the newly proposed 2025 autonomous driving framework?,65,"Example:
Policy World Model for Driving [NeurIPS 2025] Overview of the Policy World Model"
"When analyzing the trajectory of an individual chemical particle over a brief interval, what specific statistical pattern does both its forward blending and reverse trajectory exhibit?",38,"Text to Image Generation
with Diffusion Based Models Source: https://sgvr.kaist.ac.kr/~sungeui/CG/Slides/slides_24/CS380_Talk3_Diffusion.pdf Diffusion Process If we look at the movement of single molecule on very short time scale, it follows Gaussian distribution. Since the direction of mixing and the opposite direction are the same in very short time, the opposite direction also follows Gaussian distribution."
What is the exact mathematical summation formula used to compute the final output representations after the probability weights have been determined?,28,"The Transformer Encoder Block (5/5)
Source: https://cs231n.stanford.edu/slides/2022/lecture_11_ruohan.pdf Add positional encoding Attention attends over all the vectors MLP: Multilayer Perceptron"
What type of raw information is typically gathered in massive quantities to build shared representation environments for different formats?,48,"Multimodal Embedding Spaces
Multimodal embedding spaces are typically learned by collecting large amounts of paired multimodal data from the Internet, often images and text, and learning encoders for each modality using pairwise similarity objective."
"Why do the native metadata tags scraped from web datasets often fail as high-quality training data for vision-language models, particularly when describing images of humans?",51,"Observations [Google Research 2023]
Open-web datasets used to train open text-to-image models suffer from significan't issues. To be specific, the captions in the LAION dataset, used to train vision-language models, come from alt HTML tags (Alttext) and often describes only narrow aspect of the image, neglecting significan't visual details. For example, an image of person can have as Alttext the name of the person and the name of the photographer, but not description of their appearance, their clothes, their position, or the background. Source: Picture is Worth Thousand Words: Principled Recaptioning Improves Image Generation, arXiv, 2023."
"Which specific slide explicitly provides the structural blueprint of the internal components for the simulated interactive human personas, rather than just introducing the episodic memory concept?",100,"Stanford AI Village [UIST 2023]
Episodic memory of experience The agent architecture Source: Generative Agents: Interactive Simulacra of Human Behavior, UIST, 2023."
"Could you provide the visual samples demonstrating the system's ability to modify existing pictures, specifically using a seven-billion parameter network that was processed on half a trillion tokens?",133,"Image editing examples from a 7B Transfusion
MoT model trained with 0.5T tokens"
How is the conceptual analogy of a chemical particle's random trajectory practically applied to the fundamental visual elements of a digital picture?,38,"Text to Image Generation
with Diffusion Based Models Source: https://sgvr.kaist.ac.kr/~sungeui/CG/Slides/slides_24/CS380_Talk3_Diffusion.pdf Diffusion Process If we look at the movement of single molecule on very short time scale, it follows Gaussian distribution. Since the direction of mixing and the opposite direction are the same in very short time, the opposite direction also follows Gaussian distribution."
Which section illustrates the two-tiered cognitive hierarchy of autonomous systems while explicitly noting that the mechanisms for retaining information and utilizing external utilities will be covered in future coursework?,215,"Remarks
Real-world knowledge plays vital role in human intelligence. Dynamics Physical World Knowledge Taxonomy Horizon Deep Semantics (slow-thinking) Surface Semantics (fast-thinking) Static Dynamic Object Permanence Object Properties Spatial Relation Object Affordance Temporal Relation Planning Situation/Event (Image) Action (Video)"
What is the specific mathematical formula used to compute the compatibility between the query and key vectors before normalizing them into probability weights?,157,"RA-VQA-v2 [NeurIPS 2023]
The relevance score between question-image pair!q= (q, I) and document d= (d, I!) is computed as follows: r""q, d= r q, I, d, I!=) ""#$ %(' max*#$ %('!)""q"" d*.!q l(!q) (with tokens) d l(d) (with tokens) MaxSim!q!"
"Is there an example showing how models dynamically adapt to the absence of certain inputs by using clinical records, such as digital patient medical files, from a recent 2024 conference?",140,"Method 2: Architecture-Focused Models
Core idea: Dynamic adjust to handle the absence of certain modality. Source: DrFuse: Learning Disentangled Representation for Clinical Multi-Modal Fusion with Missing Modality and Modal Inconsistency, AAAI, 2024. electronic health record"
"During the phase where corruption is systematically injected into the data, what mathematical parameters characterize the perturbations added across multiple time increments?",43,"Denoising Diffusion Models
Source: https://lilianweng.github.io/posts/2021-07-11-diffusion-models/ Forward diffusion process: Introducing noise In the forward diffusion process, the small Gaussian noise is incrementally added to the distribution over steps, resulting in series of increasingly noisy samples. mean variance 2"
