Question,Slide number,Confidence,Content
Why do we intentionally block the architecture from evaluating certain elements of the sequence during both the learning phase and the text generation phase?,11,0.4297278165817261,"
Autoregressive generation is the inference-time procedure of iteratively calling model with its own generated outputs, given few initial inputs. 11 Source: https://huggingface.co/blog/encoder-decoder"
"When attempting to restore incomplete audio-visual streams, how is the backward noise-reduction step visually differentiated when it combines authentic input with artificially generated substitute data?",40,0.4050656139850617,"
Denoising diffusion models consist of two processes: Forward diffusion process that gradually adds noise to input Reverse denoising process that learns to generate data by denoising 40 Source: https://sgvr.kaist.ac.kr/~sungeui/CG/Slides/slides_24/CS380_Talk3_Diffusion.pdf"
"Based on a cited 2022 NAACL paper, what are the three distinct streams of information required to successfully predict an answer when combining visual comprehension with outside databases?",149,0.5916337370872498,"
Knowledge-based VQA takes three different information sources to predict the answer: input visual information (image), input question, and the external knowledge. Source: KAT: Knowledge Augmented Transformer for Vision-and-Language, NAACL, 2022."
"What specific flaw is introduced when a system clumsily merges the user's prompt with the written descriptions of visual elements to form a single, giant search string?",158,0.42448228001594546,"
Heuristic mRAG methods typically predefined fixed retrieval processes, suffering from challenges: (1) Non-adaptive Retrieval Queries Referring to the fixed retrieval processes and query structures of heuristic mRAG methods (2) Overloaded Retrieval Queries Referring to heuristic mRAG methods merely format single query by concatenating textual descriptions of objects in images with input questions"
"In the introduced benchmark collection for information-seeking tasks, what exact temporal metric is used as the threshold to categorize a fact's evolution speed as either sluggish or rapid?",166,0.46692962646484376,"
Comparison of knowledge-seeking VQA datasets The annotation of fast or slow is determined by whether the updating occurs on yearly basis."
"What specific phrase describes the logical validity of a conditional rule when its triggering premise simply does not occur, thereby neutralizing the rule entirely?",188,0.44662797451019287,"
"
"When a network teaches itself to invoke external computing utilities, what specific mathematical metric dictates whether a candidate invocation is ultimately kept or discarded before being interwoven into the output?",174,0.35262523889541625,"
Harvard University-CS 50: Artificial Intelligence in Python"
"When comparing generative baseline models for tracking extreme meteorological events, what visual indicator is explicitly utilized to point out unwanted artifacts or physically unrealistic anomalies?",58,0.31171348690986633,"
"
"Is the structural design of the generating module fundamentally different from the analyzing module, or do they share most of their architecture?",11,0.3326677083969116,"
Autoregressive generation is the inference-time procedure of iteratively calling model with its own generated outputs, given few initial inputs. 11 Source: https://huggingface.co/blog/encoder-decoder"
"When charting the cumulative success rates of different self-assessment methodologies for binary categorization, exactly how many distinct challenges were analyzed in the provided graph?",86,0.4758924007415772,"
AlfWorld performance across 134 tasks showing cumulative proportions of solved tasks using self- evaluation techniques of (Heuristic) and (GPT) for binary classification. ReAct [ICLR 2023]"
"In the showcased examples of integrated functional calls, what precise mathematical division is demonstrated alongside its percentage result?",71,0.300229549407959,"
MLLMs predict model-specific tokens (w!, w"",., w#) w#$! Sometimes, invoking 'tool calls' is necessary to accomplish the 'prediction' task. Special tokens can be exploited to invoke tool calls for Search engine, calculator, etc. Task-specific models (translation) APIs"
"In the hierarchical memory diagram for a specific villager, what core self-identity is ultimately derived from recursively synthesizing the foundational nodes of his worldly observations?",102,0.5159285128116607,"
reflection tree for Klaus Mueller. The agent observations of the world, represented in the leaf nodes, are recursively synthesized to derive Klaus self-notion that he is highly dedicated to his research."
What is the initial mechanical setup required in the tangible mystery game before players can actively begin deducing the culprit's identity?,210,0.37017130851745605,"
One card of each category is picked at random and put it in an envelope, and it is up to the participants to uncover whodunnit."
Which specific 2022 academic manuscript involving latent representations is referenced regarding the creation of visual content from linguistic cues?,48,0.4876366853713989,"
Multimodal embedding spaces are typically learned by collecting large amounts of paired multimodal data from the Internet, often images and text, and learning encoders for each modality using pairwise similarity objective."
What concept describes the ability to flexibly map between completely unrestricted input and output combinations?,10,0.31880409717559816,"
Transformers utilize an autoregressive approach for output generation. Source: https://huggingface.co/blog/encoder-decoder"
"When setting up the initial instructions for generating increasingly difficult gaming objectives, what specific format is used to supply supplementary contextual information to the system?",93,0.47778934240341187,"
(The list of question-answer pairs represents the additional context.)"
"In the introduction to the procedural learning system for the block-building game, which specific commercial company's programming interfaces are explicitly credited for improving the grasp of gameplay rules?",87,0.46449708938598633,"
Objective: Leveraging MLLMs (., OpenAI APIs) for improved game mechanics understanding Innovative Features: Introduction of automatic curriculum and skill library Automatic curriculum proposes increasingly complex tasks Skill library serves as learning and evolution basis Iterative prompting mechanism refines the program and incorporates it into the skill library as new skill 87 Source: Voyager: An Open-Ended Embodied Agent with Large Language Models, Transactions on Machine Learning Research (TMLR), 2024."
"In the section discussing logic challenges, which slide illustrates a scenario where a participant creates a hidden sequence of hues and the opponent attempts to figure it out based on numeric feedback?",214,0.5924874782562256,"
Another type of puzzle that can be solved using propositional logic is Mastermind game. In this game, player one arranges colors in certain order, and then player two has to guess this order. Each turn, player two makes guess, and player one gives back number, indicating how many colors player two got right. Let simulate game with four colors."
What specific term is mathematically equated to the process of generating outputs without any guiding prompts or context?,11,0.4516517162322998,"
Autoregressive generation is the inference-time procedure of iteratively calling model with its own generated outputs, given few initial inputs. 11 Source: https://huggingface.co/blog/encoder-decoder"
"In the simulated block-world environment, when the automated entity attempts to manufacture an optical viewing instrument but fails due to missing inventory, what specific geological resource does the internal critique suggest retrieving from underground?",98,0.35308465361595154,"
"
At which specific machine learning conference was the framework handling dozens of distinct tasks officially presented?,86,0.46420047283172605,"
AlfWorld performance across 134 tasks showing cumulative proportions of solved tasks using self- evaluation techniques of (Heuristic) and (GPT) for binary classification. ReAct [ICLR 2023]"
What generic mathematical variable is utilized in the diagrams to represent the total quantity of stacked processing units comprising the primary analysis framework?,124,0.3951937973499298,"
Architecture MoE consists of two main elements: Sparse MoE layers are used instead of dense feed-forward network (FFN) layers. MoE layers have certain number of experts (. 8), where each expert is neural network. gate network or router, that determines which tokens are sent to which expert. Source: https://huggingface.co/blog/moe"
"During the initial practical attempt of the household chore, what specific sequential error did the virtual entity realize it made regarding the order of finding the light source versus the drinkware?",84,0.5334357738494873,"
"
"In the scripting implementation of the logical tracker, how is the behavioral constraint that a person cannot simultaneously visit two different friends structurally formulated?",85,0.3528972744941712,"
The agent is able to correct its reasoning trace and execute sequence of actions in concise manner!"
"During the process of guessing missing sensory information, what exact type of data substitute is pumped out by the generator designed to analyze relationships between the available inputs?",137,0.49191783666610717,"
RMM: Relation-aware Missing Modal generator generating pseudo features 1. 2. 3."
"During the looping phase of a trial, what exact condition must be satisfied for the interactive cycle between the generation, scoring, and summarization components to finally terminate?",80,0.38245821595191953,"
Initialization The Actor produces trajectory "" by interacting with the environment. The Evaluator then produces score r"" which is computed as #=M$(""), where # is only scalar reward for trial t. The Self-Reflection model analyzes the set of {"", r""} to produce summary sr"" which is stored in the memory mem, where sr# is verbal experience feedback for trial t. Repeat The Actor, Evaluator, and Self-Reflection model work together through trials in loop until the Evaluator deems sr# to be correct. Note that after each trial t, sr#, is appended mem. 80"
"When setting up the initial instructions for the module responsible for proposing increasingly difficult objectives, what specific formatting structure is noted as representing the supplementary background information?",93,0.46489392518997197,"
(The list of question-answer pairs represents the additional context.)"
"Within the architecture of the self-adjusting orchestrator, which specific component is responsible for analyzing the fetched data and sending real-world reactions back to the main coordinator?",81,0.4299418091773987,"
"
I'm reviewing the mathematical function used to inject sequence order into attention-based architectures. What are the four specific design requirements this mathematical function must satisfy to be considered effective?,26,0.39561436176300047,"
Permutation equivariant Self-attention layer does not care about the orders of the inputs! Problem: How can we encode ordered sequences like language or spatially ordered image features? That why we need positional encoding! 26 Source: https://cs231n.stanford.edu/slides/2022/lecture_11_ruohan.pdf"
"When dealing with facts that update very quickly, why is a single, initial search step considered inadequate, and what must the system rely on to separate old from new facts?",159,0.3774675250053406,"
Dynamic questions are defined as questions that require the model to flexibly provide knowledge retrieval solutions, where the query, tool, and time of retrievals are all variable. These questions cannot be solved by predefined retrieval process. Example types of dynamic questions: (1) Questions with rapidly changing answers (2) Questions requiring multi-modal knowledge (3) Multi-hop questions"
"In the human-annotated examples demonstrating different descriptive lengths, what specific decorative element is mentioned as being placed alongside the chilled beverage?",56,0.4654530048370361,"
"
Why does a scenario involving weather conditions and a specific day of the week logically result in exactly four potential truth-value configurations?,191,0.5164233565330505,"
: It is Tuesday. {=true,=false} model In fact, there are more possible models, say 22=4 because we have two propositions."
How is the production-phase mechanism formally defined when a model iteratively consumes its own previous predictions to continue building a translation?,11,0.592069125175476,"
Autoregressive generation is the inference-time procedure of iteratively calling model with its own generated outputs, given few initial inputs. 11 Source: https://huggingface.co/blog/encoder-decoder"
What is the primary performance benefit of using a specialized vision-to-language module to rewrite the training labels for large datasets?,51,0.5072847604751587,"
Open-web datasets used to train open text-to-image models suffer from significant issues. To be specific, the captions in the LAION dataset, used to train vision-language models, come from alt HTML tags (Alttext) and often describes only narrow aspect of the image, neglecting significant visual details. For example, an image of person can have as Alttext the name of the person and the name of the photographer, but not description of their appearance, their clothes, their position, or the background. Source: Picture is Worth Thousand Words: Principled Recaptioning Improves Image Generation, arXiv, 2023."
"When creating shared representation structures, what are the most common pairs of sensory inputs sourced from online repositories?",48,0.4459221839904785,"
Multimodal embedding spaces are typically learned by collecting large amounts of paired multimodal data from the Internet, often images and text, and learning encoders for each modality using pairwise similarity objective."
How do we conceptually describe the mechanism that stops positional arrays from gaining information from positions that occur later in the sequence?,19,0.4192200481891632,"
Options for pos(.) 1. Learn lookup table: Learn parameters to use for pos for [0,) Lookup table contains parameters. Desiderata of pos(.): 1. It should output unique encoding for each time-step (word position in sentence) 2. Distance between any two time-steps should be consistent across sentences with different lengths. 3. Our model should generalize to longer sentences without any efforts. Its values should be bounded. 4. It must be deterministic. Source: Attention is all you need, NeurIPS, 2017."
What is the fully expanded terminology for the standard artificial neural network layer explicitly defined at the very end of the architectural diagram breakdown?,23,0.43788928389549253,"
Outputs: Context vectors: (shape:) Inputs: Input vectors: (shape:) 23 Source: https://cs231n.stanford.edu/slides/2022/lecture_11_ruohan.pdf"
"In the case comparing the commercial success of two film industry figures, what was the specific estimated financial revenue attributed to the winning individual?",162,0.33079331815242763,"
"
Why do we have to rely on an artificial neural architecture to approximate the step-by-step reconstruction phase instead of just computing the exact probabilities directly?,44,0.31742243170738216,"
Reverse denoising process: Removing noise We can directly calculate (xt1xt) because it involves complex data-related calculations. Instead, we model the reverse process with neural network to estimate (xt1xt). Model 44 Source: https://lilianweng.github.io/posts/2021-07-11-diffusion-models/"
What specific mechanism decides the exact pathway that individual pieces of data take when navigating the specialized sub-networks?,124,0.3248803377151489,"
Architecture MoE consists of two main elements: Sparse MoE layers are used instead of dense feed-forward network (FFN) layers. MoE layers have certain number of experts (. 8), where each expert is neural network. gate network or router, that determines which tokens are sent to which expert. Source: https://huggingface.co/blog/moe"
"If we are working with a strict computing allowance, what is the recommended strategy regarding the size of our architecture versus how long we run the learning phase?",118,0.27546837329864504,"
Demanding larger datasets and computations For example, Chameleon (released by Meta, 2024) is trained on 9.2 trillion training tokens (including image tokens) to match LLaMA2, which is trained on 2 trillion training tokens for text performance. Inherent differences in how different modalities are processed In the feature space (across layers), PCA results show the distinct clustering by modality (text, speech, image)."
"How is the system structured to execute multiple independent tracking processes simultaneously, specifically noting a numerical skip in the sequence of the named sub-components?",27,0.389490258693695,"
Multiple self-attention heads in parallel Self-attention of Head0 Self-attention of Head1 Self-attention of Head3. 27 Source: https://cs231n.stanford.edu/slides/2022/lecture_11_ruohan.pdf"
"During the automated introspection loop designed to build long-term memory, how does the output structure from the scoring module fundamentally differ in data format from the output produced by the introspection module?",76,0.40877767205238347,"
Stores experience, skills, knowledge. Persist over new experience Append-only Limited context Limited attention Do not persist over new tasks"
"When discussing existing vehicular simulation paradigms, which specific methodology is described as functioning primarily as an information generator within the visual realm?",64,0.4493174493312836,"
Policy World Model for Driving [NeurIPS 2025] Comparison of video world models for autonomous driving Conventional video world models typically serve as data engines for stimulation in pixel space. Unified world models perform video generation and planning as separate tasks. The proposed policy world model performs planning based on the learned world knowledge."
What is the exact name of the architecture presented in a recent venue that achieves broad adaptability across unconstrained input-output mapping configurations?,120,0.38267698884010315,"
The proposed MoT decouples the parameters by modality while maintaining global self-attention."
What specific variable is used to denote the total count of repeating structural sub-units that make up the primary processing architecture?,9,0.37667969465255735,"
Transformer is an encoder-decoder architecture with core component attention mechanism. Attention allows the model to focus on the most relevant parts of the input sequence when generating the output. 9 Source: https://huggingface.co/blog/encoder-decoder"
"During the tabular evaluation of states, what is the justification for invalidating a scenario where the specific day arrives without precipitation, yet the anticipated jogging activity does not occur?",196,0.39114625453948976,"
$ Amy did not visit Bobby today. % It rained today. (4)(5) are inferred from (1)(2)(3)."
What specific formatting flaw causes search requests to become too burdensome in rigidly structured information-seeking pipelines?,158,0.4508070707321167,"
Heuristic mRAG methods typically predefined fixed retrieval processes, suffering from challenges: (1) Non-adaptive Retrieval Queries Referring to the fixed retrieval processes and query structures of heuristic mRAG methods (2) Overloaded Retrieval Queries Referring to heuristic mRAG methods merely format single query by concatenating textual descriptions of objects in images with input questions"
Which branch of physics involving systems lacking macroscopic balance serves as the foundational inspiration for the discussed generative algorithms?,37,0.43245443105697634,"
Diffusion Process Diffusion models are inspired by non-equilibrium thermodynamics. For small fraction of the time, it is difficult to determine whether particles are moving in the direction of mixing or in the opposite direction. 37 Source: https://sgvr.kaist.ac.kr/~sungeui/CG/Slides/slides_24/CS380_Talk3_Diffusion.pdf"
"During the multi-step economic calculation scenario, what is the exact estimated monetary figure for the East Asian country's economic output in the year directly preceding the target forecasting year?",173,0.4957504868507385,"
"
"For the 2023 framework that generates one candidate reply per fetched document, what specific strategy is used to combine granular, word-piece level connections to evaluate overall match quality?",157,0.44628211855888367,"
!q l(!q) (with tokens) d l(d) (with tokens).!q! MaxSim The relevance score between question-image pair!q= (q, I) and document d= (d, I!) is computed as follows: %(' %('!)""q"" d* r""q, d= r q, I, d, I!=) max*#$ ""#$"
"When evaluating the system's performance on the dataset where either visual or acoustic inputs are omitted, what specific acronym represents the foundational architecture adopted as the comparison baseline?",135,0.396327531337738,"
Core idea: Generating or inferring missing modality features using available modalities"
"When integrating external databases to augment generation, what are the two distinct workflows used to translate the initial visual input into a format suitable for searching?",153,0.44868192076683044,"
mRAG aims to provide MLLMs with more comprehensive, accurate and up-to-date world knowledge from external source. Two categories of mRAG based on the retrieval method (1) One category employs visual encoding model for direct image representation, and then retrieves the knowledge from knowledge base with the highest feature similarity. (2) The other category first transforms the input image into textual representation utilizing off-the-shelf tools and then performs text retrieval."
"Under the comparative analysis of vehicular autonomy paradigms, which specific approach is noted for treating the creation of visual sequences and the strategizing of movements as completely decoupled processes?",64,0.4776339530944824,"
Policy World Model for Driving [NeurIPS 2025] Comparison of video world models for autonomous driving Conventional video world models typically serve as data engines for stimulation in pixel space. Unified world models perform video generation and planning as separate tasks. The proposed policy world model performs planning based on the learned world knowledge."
"Following the step-by-step breakdown of the failed first chore attempt, what ultimate conclusion is drawn regarding the agent's capacity to modify its logical progression?",85,0.677277934551239,"
The agent is able to correct its reasoning trace and execute sequence of actions in concise manner!"
"During the extraction of dynamic information for generating visual physics simulations, what specific mathematical transformation is concatenated directly with the network's cross-referencing layers?",23,0.4464090049266815,"
Outputs: Context vectors: (shape:) Inputs: Input vectors: (shape:) 23 Source: https://cs231n.stanford.edu/slides/2022/lecture_11_ruohan.pdf"
How does the framework presented in the 2023 NeurIPS paper transform simple success or failure signals into a format that the multimodal model can actually read and use for its next attempt?,121,0.4164264857769012,"
Three settings (1) Multi-modal (Text+Image) experiment setting with autoregressive objectives (2) Extended multi-modal experiment with speech modality (Text+Image+Speech) (3) Multi-modal experiment with modality-specific objectives"
"In the detailed diagram outlining an animal biology query, what is the stated count of primary or 'baby' chewing structures typical for a feline?",155,0.3973180413246155,"
"
The image generation technique that operates by iteratively manipulating Gaussian distributions traces its core theoretical inspiration back to which specific branch of physics?,38,0.5764436006546021,"
Diffusion Process If we look at the movement of single molecule on very short time scale, it follows Gaussian distribution. Since the direction of mixing and the opposite direction are the same in very short time, the opposite direction also follows Gaussian distribution. 38 Source: https://sgvr.kaist.ac.kr/~sungeui/CG/Slides/slides_24/CS380_Talk3_Diffusion.pdf"
Which fundamental scientific concept is explicitly provided alongside a traditional Chinese translation to explain the inspiration behind these generative algorithms?,11,0.45327556133270264,"
Autoregressive generation is the inference-time procedure of iteratively calling model with its own generated outputs, given few initial inputs. 11 Source: https://huggingface.co/blog/encoder-decoder"
"In the 2022 framework that successfully identifies a piece of living room furniture in its case study, what specific filtering mechanism is applied directly to the external encyclopedia text?",156,0.4124666452407837,"
Relevance score between the query and the document is computed by aggregating the fine-grained relevance at token level with late interaction mechanism. The answer generator takes the text query, the image, and the retrieved documents as input, generating one candidate answer per retrieved document. The answer with the highest joint probability is selected."
"For the newly rewritten detailed descriptions fixing the flawed anatomy metadata, what specific material is the anatomical structure described as being constructed from?",57,0.46283774375915526,"
"
How many independent feature extraction frameworks are fundamentally required to enable the cross-sensory functions of advanced foundational models?,134,0.43574326634407046,"
Maintaining performance when modality is missing Source: Deep Multimodal Learning with Missing Modality: Survey, TMLR, 2026."
Which section of the empirical evaluations specifically analyzes the incorporation of spoken audio into the seven billion parameter framework?,127,0.5064064502716065,"
Performance with Speech Integration at 7B Scale"
"During the self-teaching phase of external utility integration, what mathematical criterion is used to discard unhelpful function executions?",85,0.3045347034931183,"
The agent is able to correct its reasoning trace and execute sequence of actions in concise manner!"
Why is it stated that the reverse trajectory of matter shares the identical normal probability curve as its blending trajectory during brief observational windows?,38,0.4635425686836243,"
Diffusion Process If we look at the movement of single molecule on very short time scale, it follows Gaussian distribution. Since the direction of mixing and the opposite direction are the same in very short time, the opposite direction also follows Gaussian distribution. 38 Source: https://sgvr.kaist.ac.kr/~sungeui/CG/Slides/slides_24/CS380_Talk3_Diffusion.pdf"
How do traditional reasoning entities function when interacting with their internalized frameworks of information?,175,0.5661376714706421,"
agents that reason by operating on logic-based representations of knowledge"
"Through the recursive synthesis of discrete environmental observations gathered in bottom-tier nodes, what specific personal conviction does the system ultimately deduce for the simulated academic researcher?",102,0.4285029172897339,"
reflection tree for Klaus Mueller. The agent observations of the world, represented in the leaf nodes, are recursively synthesized to derive Klaus self-notion that he is highly dedicated to his research."
How is the specialized task of converting visual content into descriptive linguistic formats formally defined in this presentation?,54,0.5614351749420166,"
This work proposes to relabel the corpus with improved captions that are auto-generated by custom I2T (image-to-text) model, so as to increase sample efficiency and allow vision-language model to better understand the relations between captions and images."
What upcoming 2025 conference presentation outlines a consolidated methodology allowing a solitary system to handle both segmented text and fluid visual data?,128,0.48993821144104,"
Transfusion [ICLR 2025] introduces unified framework that enables single transformer model to process both discrete text and continuous image modalities."
"In the context of the newly introduced 2025 autonomous navigation system, what serves as the core foundational basis for its strategic maneuvering?",64,0.39352257251739503,"
Policy World Model for Driving [NeurIPS 2025] Comparison of video world models for autonomous driving Conventional video world models typically serve as data engines for stimulation in pixel space. Unified world models perform video generation and planning as separate tasks. The proposed policy world model performs planning based on the learned world knowledge."
Where can I find the visual samples that demonstrate the creation of novel pictures from scratch by the model exposed to half a trillion data pieces?,132,0.4461261808872223,"
"
What specific constraint is placed on the initial processing layer to guarantee it only synthesizes information from historical elements?,10,0.3718578159809113,"
Transformers utilize an autoregressive approach for output generation. Source: https://huggingface.co/blog/encoder-decoder"
Which section provides concrete numerical evidence regarding the massive scale of data required to train a recent vision-capable algorithm compared to its text-only predecessor?,118,0.5263611316680908,"
Demanding larger datasets and computations For example, Chameleon (released by Meta, 2024) is trained on 9.2 trillion training tokens (including image tokens) to match LLaMA2, which is trained on 2 trillion training tokens for text performance. Inherent differences in how different modalities are processed In the feature space (across layers), PCA results show the distinct clustering by modality (text, speech, image)."
"In the 2024 TMLR paper concerning procedural memory, what specific mechanism is responsible for modifying a newly generated program before it gets permanently archived as a capability?",87,0.30187593698501586,"
Objective: Leveraging MLLMs (., OpenAI APIs) for improved game mechanics understanding Innovative Features: Introduction of automatic curriculum and skill library Automatic curriculum proposes increasingly complex tasks Skill library serves as learning and evolution basis Iterative prompting mechanism refines the program and incorporates it into the skill library as new skill 87 Source: Voyager: An Open-Ended Embodied Agent with Large Language Models, Transactions on Machine Learning Research (TMLR), 2024."
"Looking at the final, most complete iteration of the four-part workflow diagram for the gaming agent, what specific internal checking mechanism is introduced directly below the 'Refine Program' step?",85,0.46512706875801085,"
The agent is able to correct its reasoning trace and execute sequence of actions in concise manner!"
"In the visual processing pipeline that determines the dental count of a feline, what mathematical operation is applied directly after evaluating the token-level embeddings?",155,0.5424936413764954,"
"
"Into what specific digital components of an image do the algorithms inject randomized statistical interference, inspired by thermodynamic behavior?",39,0.49856014251708985,"
Diffusion Process Just as we viewed the molecule motion as Gaussian-distributed noise We add Gaussian-distributed noise to the pixel 39 Source: https://sgvr.kaist.ac.kr/~sungeui/CG/Slides/slides_24/CS380_Talk3_Diffusion.pdf"
"If we choose not to train a parameter matrix for mapping sequence positions, what alternative approach is explicitly proposed to meet the system's requirements?",19,0.4189153790473938,"
Options for pos(.) 1. Learn lookup table: Learn parameters to use for pos for [0,) Lookup table contains parameters. Desiderata of pos(.): 1. It should output unique encoding for each time-step (word position in sentence) 2. Distance between any two time-steps should be consistent across sentences with different lengths. 3. Our model should generalize to longer sentences without any efforts. Its values should be bounded. 4. It must be deterministic. Source: Attention is all you need, NeurIPS, 2017."
"What core design philosophy inspires the proposed 2025 framework to break down highly complex visual prompts into smaller, sequential steps?",163,0.41168219447135923,"
OmniSearch: self-adaptive planning agent for multimodal retrieval The underlying idea is to emulate the human behavior in question solution which dynamically decomposes complex multimodal questions into sub- question chains with retrieval action. At each step, OmniSearch flexibly adjusts the next action according to question-solving state and retrieved content, with diverse purposes such as deepening comprehension of retrieved content, modifying retrieval method for current sub-question, proposing the next sub-question, etc. Source: Benchmarking Multimodal Retrieval Augmented Generation with Dynamic VQA Dataset and Self-adaptive Planning Agent, ICLR, 2025."
"When segregating network weights by data type, which specific architectural components bypass the shared embedding and are maintained independently?",48,0.36348742842674253,"
Multimodal embedding spaces are typically learned by collecting large amounts of paired multimodal data from the Internet, often images and text, and learning encoders for each modality using pairwise similarity objective."
"Which specific typographical symbol is utilized in the provided index to denote a two-way, mutually dependent relationship between statements?",180,0.4933655560016632,"
"
"In the comparative case study analyzing cinema ticket sales, what exact financial figure is retrieved from the web for the individual who ultimately grossed less?",172,0.41875115036964417,"
"
How do traditional simulation engines differ from the newly proposed integrated architecture in the context of autonomous navigation systems?,64,0.417383599281311,"
Policy World Model for Driving [NeurIPS 2025] Comparison of video world models for autonomous driving Conventional video world models typically serve as data engines for stimulation in pixel space. Unified world models perform video generation and planning as separate tasks. The proposed policy world model performs planning based on the learned world knowledge."
"Which section is specifically titled to denote the overarching structural blueprint of an autonomous entity, illustrating its operational hierarchies without indicating that any components will be deferred to a later date?",65,0.42564803957939146,"
Policy World Model for Driving [NeurIPS 2025] Overview of the Policy World Model"
"When aligning different types of data formats into a unified representation space, what specific optimization goal is used to train the respective representation extractors on massive web datasets?",48,0.4494735300540924,"
Multimodal embedding spaces are typically learned by collecting large amounts of paired multimodal data from the Internet, often images and text, and learning encoders for each modality using pairwise similarity objective."
What proposed alternative methodology is suggested for implementing sequence location embeddings if one wishes to avoid utilizing a trainable parameter matrix?,19,0.4547679305076599,"
Options for pos(.) 1. Learn lookup table: Learn parameters to use for pos for [0,) Lookup table contains parameters. Desiderata of pos(.): 1. It should output unique encoding for each time-step (word position in sentence) 2. Distance between any two time-steps should be consistent across sentences with different lengths. 3. Our model should generalize to longer sentences without any efforts. Its values should be bounded. 4. It must be deterministic. Source: Attention is all you need, NeurIPS, 2017."
"During the iterative improvement loop of the text-based reinforcement framework, what exact condition must be met for the interactive trials to finally terminate?",80,0.4280994236469269,"
Initialization The Actor produces trajectory "" by interacting with the environment. The Evaluator then produces score r"" which is computed as #=M$(""), where # is only scalar reward for trial t. The Self-Reflection model analyzes the set of {"", r""} to produce summary sr"" which is stored in the memory mem, where sr# is verbal experience feedback for trial t. Repeat The Actor, Evaluator, and Self-Reflection model work together through trials in loop until the Evaluator deems sr# to be correct. Note that after each trial t, sr#, is appended mem. 80"
What is the fundamental distinction between a mere syntactic link combining two statements and the overarching relationship where the truth of one entire set of information guarantees the truth of another?,194,0.452580726146698,"
Entailment is different from implication. Implication is logical connective between two propositions. Entailment, on the other hand, is relation that means that if all the information in is true, then all the information in is true."
"During the initial phase of the experimental setups, at what precise percentage of completion was the multi-goal learning process recorded?",86,0.42682925462722776,"
AlfWorld performance across 134 tasks showing cumulative proportions of solved tasks using self- evaluation techniques of (Heuristic) and (GPT) for binary classification. ReAct [ICLR 2023]"
At what point do we shift our focus from the macroscopic layout of the stacked generative modules to explicitly examining the internal workings of a single unit?,9,0.2913934111595154,"
Transformer is an encoder-decoder architecture with core component attention mechanism. Attention allows the model to focus on the most relevant parts of the input sequence when generating the output. 9 Source: https://huggingface.co/blog/encoder-decoder"
What specific factors make the optimization of standard unified-architecture algorithms particularly difficult when blending multiple distinct data types simultaneously?,120,0.32823378443717954,"
The proposed MoT decouples the parameters by modality while maintaining global self-attention."
What specific data transformation steps are identified as mandatory prerequisites for converting standard text-generating networks into fully functional autonomous decision-makers?,11,0.41491188406944274,"
Autoregressive generation is the inference-time procedure of iteratively calling model with its own generated outputs, given few initial inputs. 11 Source: https://huggingface.co/blog/encoder-decoder"
Why does answering a query about the final academic schedule date for a specific Taiwanese university require more than just the model's basic internal parameters?,204,0.37152722477912903,"
KB"
Which specific internal components are cited as the driving force behind the cross-format capabilities of advanced language architectures?,72,0.3823841631412506,"
72 Source: TALM: Tool Augmented Language Models, arXiv, 2022."
What specific software developed by a major AI laboratory is mentioned as an example of creating lifelike visuals from written descriptions?,36,0.508620309829712,"
Text to Image Generation Generating realistic images from text descriptions by OpenAI DALL 2 36 Source: Hierarchical Text-Conditional Image Generation with CLIP Latents, arXiv, 2022."
What are the three specific sub-topics listed under the introductory section concerning artificial intelligence entities that can interact with their environment?,1,0.5270875811576843,"
Preliminaries and AI Agent Basics Wen-Huang Cheng National Taiwan University wenhuang@csie.ntu.edu.tw"
"Under a strictly constrained computational budget, what scaling principle explains why building a massively scaled network architecture executed for fewer training iterations yields superior quality compared to a smaller dense network trained extensively?",118,0.3752798616886139,"
Demanding larger datasets and computations For example, Chameleon (released by Meta, 2024) is trained on 9.2 trillion training tokens (including image tokens) to match LLaMA2, which is trained on 2 trillion training tokens for text performance. Inherent differences in how different modalities are processed In the feature space (across layers), PCA results show the distinct clustering by modality (text, speech, image)."
"In the troubleshooting example involving a hearing-impaired performer, what specific sci-fi character's appearance was mistakenly retrieved due to a poorly phrased query?",171,0.47117024660110474,"
"
What structural representation is used to recursively process basic observations to conclude that a specific persona has a strong commitment to their academic work?,102,0.44499189257621763,"
reflection tree for Klaus Mueller. The agent observations of the world, represented in the leaf nodes, are recursively synthesized to derive Klaus self-notion that he is highly dedicated to his research."
Which academic publication from a 2022 journal is referenced as the foundation for scaling network capacities to a trillion parameters via simplified sparsity?,4,0.29915691614151,"
https://analemma.ai/fars"
"In the experiment comparing simple scaling against solver-driven feedback, by exactly how many percentage points does the two-sample approach on the smaller base network beat the heavily optimized setup that utilizes a model ten times its size?",122,0.35056612491607664,"
MoT (pre-training at 7B scale) is compared against two baselines: dense transformer model Mixture-of-Experts model with 4 experts (MoE-4x) This plots the training steps required by MoT and MoE-4x to reach equivalent loss values as the dense model."
"Based on the analogy of microscopic particle movement, what specific mathematical perturbation is applied directly to the individual elements of a digital picture?",39,0.5136192798614502,"
Diffusion Process Just as we viewed the molecule motion as Gaussian-distributed noise We add Gaussian-distributed noise to the pixel 39 Source: https://sgvr.kaist.ac.kr/~sungeui/CG/Slides/slides_24/CS380_Talk3_Diffusion.pdf"
"When a network architecture separates its learning weights based on the type of sensory input, which specific sub-components of the network layer are isolated from one another, apart from the initial token embeddings?",23,0.40088591575622556,"
Outputs: Context vectors: (shape:) Inputs: Input vectors: (shape:) 23 Source: https://cs231n.stanford.edu/slides/2022/lecture_11_ruohan.pdf"
What empirical evidence shows that leveraging self-face reflection achieves higher accuracy on two specific facial datasets than just applying standard mirror transformation techniques to a ResNet-18 baseline?,145,0.49320118427276616,"
Compared to simple flip augmentation, our decoupling model takes the advantage of facial chirality and is able to outperform SOTA at the time. RAF-DB FERPlus Methods Accuracy ResNet-18 84.12 ResNet-18 82.95 ResNet-18 (/flip augmentation) 85.95 ResNet-18 (/flip augmentation) 84.62 WS-LGRN (IJCAI 2020) 85.79 TFE-JL (IEEE-TAC 2018) 84.30 DDA Loss (CVPR Workshop 2020) 86.90 SHCNN (IEEE Access 2019) 86.54 RAN (IEEE-TIP 2020) 86.90 SCN (CVPR 2020) 86.40 SCN (CVPR 2020) 87.03 ESRs (AAAI 2020) 86.93 OURS 87.35 OURS 87.73 Ling Lo, HongXia Xie, Hong-Han Shuai and Wen-Huang Cheng, Facial Chirality: Using Self-Face Reflection to Learn Discriminative Features for Facial Expression Recognition, ICME 2021 (Best Paper Award)"
How exactly does the proposed algorithm mathematically separate the asymmetrical characteristics from the actual emotion within the hidden representation layers?,142,0.5774543523788452,"
Facial Chirality Psychological studies show that emotional faces are asymmetric. Powell,.Ryan, and James.Schirillo. ""Asymmetrical facial expressions in portraits and hemispheric laterality: literature review."" Laterality 14.6 (2009): 545-572. However, face image and its reflection are with exact the same expression. Ling Lo, HongXia Xie, Hong-Han Shuai and Wen-Huang Cheng, Facial Chirality: Using Self-Face Reflection to Learn Discriminative Features for Facial Expression Recognition, ICME 2021 (Best Paper Award)"
"How is the categorization of tangible domain information structured to contrast rapid, immediate comprehension with deliberate, sluggish cognition?",215,0.5636749505996704,"
Real-world knowledge plays vital role in human intelligence. Physical World Knowledge Taxonomy Horizon Deep Semantics (slow-thinking) Planning Temporal Relation Situation/Event (Image) Action (Video) Spatial Relation Object Affordance Surface Semantics (fast-thinking) Object Properties Object Permanence Dynamics Static Dynamic"
How are the final conclusions regarding the weather status and a cancelled social meeting mathematically derived from the initial three behavioral premises?,196,0.5291077375411988,"
$ Amy did not visit Bobby today. % It rained today. (4)(5) are inferred from (1)(2)(3)."
"During a step-by-step trial to identify an actor with hearing loss in a famous animated comedy, what specific sci-fi character did the system mistakenly retrieve information about before correcting its strategy?",171,0.5181310892105102,"
"
Why might an AI need to rely on specific character markers to access external utilities like computational or lookup services?,114,0.3530587315559387,"
Two types of knowledge: implicit and explicit Implicit knowledge is typically what large-scale language models encapsulate after being trained on vast amounts of text data. Explicit knowledge is structured and can be directly queried, such as the information found in knowledge bases or databases, which was traditionally used to enhance AI reasoning capabilities by referencing verifiable external resources."
Which part of the third experimental setup details the empirical outcomes for optimizing multiple distinct goals simultaneously?,84,0.4529173612594604,"
"
Under what precise meteorological and physical location circumstances does the presented rule about staying inside during wet weather become logically invalid?,187,0.30441809892654415,"
When the antecedent is true, the implication is false if the consequent is false., if outside while it is raining, then the sentence If it is raining, then indoors is false."
What linguistic metaphor is used to describe the ultimate goal of training separate vision and text processing modules together?,49,0.5290251016616822,"
Multimodal learning The multi-modal nature of MLLMs is powered by two encoder models (Text encoder and Image encoder) trained to speak the same language."
"During the internal success-checking phase, the gaming agent realizes it cannot build the optical viewing instrument. What exact missing raw material prevents the completion of this specific recipe?",98,0.29977536797523496,"
"
"Given that a simulated character records a massive amount of both useful and useless information over time, what specific process is used to isolate the exact data needed to shape its reaction to a given scenario?",100,0.44879196882247924,"
The agent architecture 100 Source: Generative Agents: Interactive Simulacra of Human Behavior, UIST, 2023."
Why is it inherently difficult for artificial entities to autonomously generate constructive critiques of their own past performance?,78,0.559128999710083,"
For agents, however, generating useful reflective feedback is challenging since it requires: good understanding of where the model made mistakes; the ability to generate summary containing actionable insights for improvement."
How is the forecasting of the subsequent environmental state mathematically represented on the slide that also establishes the explicit necessity for input and output discretization?,40,0.40337198972702026,"
Denoising diffusion models consist of two processes: Forward diffusion process that gradually adds noise to input Reverse denoising process that learns to generate data by denoising 40 Source: https://sgvr.kaist.ac.kr/~sungeui/CG/Slides/slides_24/CS380_Talk3_Diffusion.pdf"
What two specific capabilities must be achieved regarding inputs and outputs in order to consider large multimodal systems as functional autonomous entities?,113,0.49506614208221433,"
The integration of multimodal understanding is essential for developing sophisticated generalist AI agents. In the context of AI agents, knowledge refers to the processing and representation of diverse data types (such as text, images, and speech) within unified MLLM framework."
Which section simply supplements the lecture with an external media hyperlink to explain universally valid formulas versus situationally dependent ones using traditional Chinese terms?,177,0.4081871509552002,"
"
"If the primary mechanism that relates different parts of an input to each other ignores the sequence in which the data arrives, what is the stated reason for needing an extra mechanism to track structural arrangement?",26,0.43307317495346065,"
Permutation equivariant Self-attention layer does not care about the orders of the inputs! Problem: How can we encode ordered sequences like language or spatially ordered image features? That why we need positional encoding! 26 Source: https://cs231n.stanford.edu/slides/2022/lecture_11_ruohan.pdf"
What is the stated end goal of utilizing hierarchical conditional models in the context of interpreting descriptive language?,195,0.387561571598053,"
the process of deriving new sentences from old ones"
"During extremely brief temporal windows, why does analyzing the physical blending of matter become highly ambiguous regarding its trajectory?",37,0.4092910170555114,"
Diffusion Process Diffusion models are inspired by non-equilibrium thermodynamics. For small fraction of the time, it is difficult to determine whether particles are moving in the direction of mixing or in the opposite direction. 37 Source: https://sgvr.kaist.ac.kr/~sungeui/CG/Slides/slides_24/CS380_Talk3_Diffusion.pdf"
What explicit capability does the core routing module grant the network to ensure it prioritizes the most crucial elements of the source sequence during output creation?,9,0.34483243227005006,"
Transformer is an encoder-decoder architecture with core component attention mechanism. Attention allows the model to focus on the most relevant parts of the input sequence when generating the output. 9 Source: https://huggingface.co/blog/encoder-decoder"
How do the lecture materials distinguish between verifiable facts stored in databases and the underlying patterns algorithms absorb from massive corpora?,198,0.4202445030212403,"
based on existing knowledge"
"When comparing self-evaluation techniques for binary classification, exactly how many distinct challenges were analyzed to chart the cumulative proportion of successes?",86,0.5258052706718445,"
AlfWorld performance across 134 tasks showing cumulative proportions of solved tasks using self- evaluation techniques of (Heuristic) and (GPT) for binary classification. ReAct [ICLR 2023]"
"In a directional conditional statement linking two events, what formal terminology is introduced to identify the initial premise and its resulting outcome?",186,0.585715651512146,"
For example: if: It is raining and: indoors then means If it is raining, then indoors. In the case of implies, is called the antecedent and is called the consequent."
"In a compartmentalized network structure, what specific mechanism is responsible for directing individual pieces of input data to the appropriate processing sub-network?",25,0.4283923864364624,"
Outputs: Context vectors: (shape:) Operations: Query vectors:=xWq Key vectors:=xWk Value vectors:=xWv Alignment: ei,=qj ki/Attention:=softmax Output: yj=ai, vi Inputs: Input vectors: (shape:) 25 Source: https://cs231n.stanford.edu/slides/2022/lecture_11_ruohan.pdf"
What specific mathematical value is assigned to the compatibility scores of upcoming sequence positions to successfully blind the model to them?,32,0.3522439956665039,"
Masked self-attention is used to ensure that the model does not attend to some of the tokens in the input sequence during training or generation. The architecture of Vision Transformer (ViT) 32 Source: Attention is All You Need, NIPS. 2017."
"Which slide initially outlines the four foundational criteria for sequence mapping functions, strictly before suggesting any concrete ways to implement them?",180,0.3660552501678467,"
"
What specific 2022 publication from the Journal of Machine Learning Research is cited as a foundational reference for achieving extreme algorithmic scale through streamlined sparsity?,118,0.36451905965805054,"
Demanding larger datasets and computations For example, Chameleon (released by Meta, 2024) is trained on 9.2 trillion training tokens (including image tokens) to match LLaMA2, which is trained on 2 trillion training tokens for text performance. Inherent differences in how different modalities are processed In the feature space (across layers), PCA results show the distinct clustering by modality (text, speech, image)."
"In the proposed technique utilizing a relation-aware generative model, which specific diagram segment illustrates the backward mapping steps when combining synthesized representations with actual ones?",8,0.5062389254570008,"
Input: Sequence x1,., xT Output: Sequence y1,., yT Transformer is an encoder-decoder architecture: An encoder (neural network) analyzes the input and builds an intermediate representation (.context vector) of it; decoder (neural network) analyzes the intermediate representation and creates an output. 8 Source: https://huggingface.co/blog/encoder-decoder"
"According to the cited 2021 academic paper on the virtual mock-up environment, what exact type of high-level, word-driven strategies is the system designed to teach the simulated actors?",87,0.5108491539955139,"
Objective: Leveraging MLLMs (., OpenAI APIs) for improved game mechanics understanding Innovative Features: Introduction of automatic curriculum and skill library Automatic curriculum proposes increasingly complex tasks Skill library serves as learning and evolution basis Iterative prompting mechanism refines the program and incorporates it into the skill library as new skill 87 Source: Voyager: An Open-Ended Embodied Agent with Large Language Models, Transactions on Machine Learning Research (TMLR), 2024."
In what specific journal is the 2026 comprehensive review published that discusses how systems can keep working effectively even when one type of sensory input is completely unavailable?,86,0.3775055885314942,"
AlfWorld performance across 134 tasks showing cumulative proportions of solved tasks using self- evaluation techniques of (Heuristic) and (GPT) for binary classification. ReAct [ICLR 2023]"
"In the hypothetical deduction puzzle detailing visits among three individuals, what is the ultimately deduced weather condition for that specific day?",196,0.5836667776107788,"
$ Amy did not visit Bobby today. % It rained today. (4)(5) are inferred from (1)(2)(3)."
"In an unsuccessful trial detailing an economic projection, what exact percentage increase did the system attempt to apply to a base figure of $1.71 trillion?",173,0.5195718169212341,"
"
Which specific 2024 academic publication demonstrates a system capable of bridging numerous distinct data formats?,4,0.3861032962799072,"
https://analemma.ai/fars"
What exact numerical value is assigned to the compatibility metrics of upcoming sequence elements to mathematically prevent the network from looking ahead?,21,0.3186268866062164,"
Positional Encoding Visualization (0) (1) (2) (3)=0=1=2=3 Source: https://erdem.pl/2021/05/understanding-positional-encoding-in-transformers"
Which part of the presentation provides practical demonstrations of modifying and altering existing visual content using the seven billion parameter system?,132,0.4545945703983307,"
"
Where can one find the high-level visual summarization or structural outline specifically designated for the newly proposed 2025 autonomous driving framework?,65,0.5004377603530884,"
Policy World Model for Driving [NeurIPS 2025] Overview of the Policy World Model"
"When analyzing the trajectory of an individual chemical particle over a brief interval, what specific statistical pattern does both its forward blending and reverse trajectory exhibit?",38,0.5597252607345581,"
Diffusion Process If we look at the movement of single molecule on very short time scale, it follows Gaussian distribution. Since the direction of mixing and the opposite direction are the same in very short time, the opposite direction also follows Gaussian distribution. 38 Source: https://sgvr.kaist.ac.kr/~sungeui/CG/Slides/slides_24/CS380_Talk3_Diffusion.pdf"
What is the exact mathematical summation formula used to compute the final output representations after the probability weights have been determined?,44,0.2927947461605072,"
Reverse denoising process: Removing noise We can directly calculate (xt1xt) because it involves complex data-related calculations. Instead, we model the reverse process with neural network to estimate (xt1xt). Model 44 Source: https://lilianweng.github.io/posts/2021-07-11-diffusion-models/"
What type of raw information is typically gathered in massive quantities to build shared representation environments for different formats?,48,0.40654394030570984,"
Multimodal embedding spaces are typically learned by collecting large amounts of paired multimodal data from the Internet, often images and text, and learning encoders for each modality using pairwise similarity objective."
"Why do the native metadata tags scraped from web datasets often fail as high-quality training data for vision-language models, particularly when describing images of humans?",51,0.6803506255149842,"
Open-web datasets used to train open text-to-image models suffer from significant issues. To be specific, the captions in the LAION dataset, used to train vision-language models, come from alt HTML tags (Alttext) and often describes only narrow aspect of the image, neglecting significant visual details. For example, an image of person can have as Alttext the name of the person and the name of the photographer, but not description of their appearance, their clothes, their position, or the background. Source: Picture is Worth Thousand Words: Principled Recaptioning Improves Image Generation, arXiv, 2023."
"Which specific slide explicitly provides the structural blueprint of the internal components for the simulated interactive human personas, rather than just introducing the episodic memory concept?",100,0.6252936840057373,"
The agent architecture 100 Source: Generative Agents: Interactive Simulacra of Human Behavior, UIST, 2023."
"Could you provide the visual samples demonstrating the system's ability to modify existing pictures, specifically using a seven-billion parameter network that was processed on half a trillion tokens?",133,0.46515632867813106,"
"
How is the conceptual analogy of a chemical particle's random trajectory practically applied to the fundamental visual elements of a digital picture?,39,0.565449059009552,"
Diffusion Process Just as we viewed the molecule motion as Gaussian-distributed noise We add Gaussian-distributed noise to the pixel 39 Source: https://sgvr.kaist.ac.kr/~sungeui/CG/Slides/slides_24/CS380_Talk3_Diffusion.pdf"
Which section illustrates the two-tiered cognitive hierarchy of autonomous systems while explicitly noting that the mechanisms for retaining information and utilizing external utilities will be covered in future coursework?,215,0.504490041732788,"
Real-world knowledge plays vital role in human intelligence. Physical World Knowledge Taxonomy Horizon Deep Semantics (slow-thinking) Planning Temporal Relation Situation/Event (Image) Action (Video) Spatial Relation Object Affordance Surface Semantics (fast-thinking) Object Properties Object Permanence Dynamics Static Dynamic"
What is the specific mathematical formula used to compute the compatibility between the query and key vectors before normalizing them into probability weights?,157,0.3658291280269623,"
!q l(!q) (with tokens) d l(d) (with tokens).!q! MaxSim The relevance score between question-image pair!q= (q, I) and document d= (d, I!) is computed as follows: %(' %('!)""q"" d* r""q, d= r q, I, d, I!=) max*#$ ""#$"
"Is there an example showing how models dynamically adapt to the absence of certain inputs by using clinical records, such as digital patient medical files, from a recent 2024 conference?",140,0.47837779521942136,"
Core idea: Dynamic adjust to handle the absence of certain modality. electronic health record 37 Source: DrFuse: Learning Disentangled Representation for Clinical Multi-Modal Fusion with Missing Modality and Modal Inconsistency, AAAI, 2024."
"During the phase where corruption is systematically injected into the data, what mathematical parameters characterize the perturbations added across multiple time increments?",43,0.33500092625617983,"
Forward diffusion process: Introducing noise In the forward diffusion process, the small Gaussian noise is incrementally added to the distribution over steps, resulting in series of increasingly noisy samples. mean variance 2 43 Source: https://lilianweng.github.io/posts/2021-07-11-diffusion-models/"
What are the fundamental limitations of standard temporal windows compared to a system that successfully archives past skills and knowledge?,76,0.43877497911453245,"
Stores experience, skills, knowledge. Persist over new experience Append-only Limited context Limited attention Do not persist over new tasks"
What phrase is used to define a declarative statement about reality when expressed within a formal system for representing information?,178,0.5142687082290649,"
an assertion about the world in knowledge representation language"
"To strictly block the neural architecture from peeking ahead at upcoming sequence elements during generation, what specific numerical abstraction is assigned to the forward-looking evaluation metrics?",8,0.4379899501800537,"
Input: Sequence x1,., xT Output: Sequence y1,., yT Transformer is an encoder-decoder architecture: An encoder (neural network) analyzes the input and builds an intermediate representation (.context vector) of it; decoder (neural network) analyzes the intermediate representation and creates an output. 8 Source: https://huggingface.co/blog/encoder-decoder"
Which section surprisingly brings up the architectural design for visual tasks immediately following the citation of the foundational 2017 neural network paper?,23,0.49684741497039797,"
Outputs: Context vectors: (shape:) Inputs: Input vectors: (shape:) 23 Source: https://cs231n.stanford.edu/slides/2022/lecture_11_ruohan.pdf"
"Under a constrained computational allocation, what is the stated preferred strategy regarding network size and the duration of the pretraining phase?",123,0.32356555461883546,"
Background The scale of model is one of the most important axes for better model quality. Given fixed computing budget, training larger model for fewer steps is better than training smaller model for more steps. Mixture of Experts enable models to be pretrained with far less compute, which means you can dramatically scale up the model or dataset size with the same compute budget as dense model. In particular, MoE model should achieve the same quality as its dense counterpart much faster during pretraining. Source: https://huggingface.co/blog/moe"
Which upcoming academic paper is highlighted for successfully bridging the gap between step-by-step linguistic data and fluid visual inputs within a singular algorithmic framework?,113,0.45778297185897826,"
The integration of multimodal understanding is essential for developing sophisticated generalist AI agents. In the context of AI agents, knowledge refers to the processing and representation of diverse data types (such as text, images, and speech) within unified MLLM framework."
Which specific visual recognition framework is referenced as an example when discussing the technique designed to selectively hide certain sequence elements during the learning phase?,32,0.5600236892700196,"
Masked self-attention is used to ensure that the model does not attend to some of the tokens in the input sequence during training or generation. The architecture of Vision Transformer (ViT) 32 Source: Attention is All You Need, NIPS. 2017."
What specific literature reference is cited to support the psychological concept that human expressions of emotion are not perfectly symmetrical on both sides of the face?,142,0.5889199495315551,"
Facial Chirality Psychological studies show that emotional faces are asymmetric. Powell,.Ryan, and James.Schirillo. ""Asymmetrical facial expressions in portraits and hemispheric laterality: literature review."" Laterality 14.6 (2009): 545-572. However, face image and its reflection are with exact the same expression. Ling Lo, HongXia Xie, Hong-Han Shuai and Wen-Huang Cheng, Facial Chirality: Using Self-Face Reflection to Learn Discriminative Features for Facial Expression Recognition, ICME 2021 (Best Paper Award)"
"To demonstrate the massive computational cost of handling multiple sensory inputs, what specific token counts are compared between a 2024 Meta release and a standard text-focused language model?",118,0.4757560849189758,"
Demanding larger datasets and computations For example, Chameleon (released by Meta, 2024) is trained on 9.2 trillion training tokens (including image tokens) to match LLaMA2, which is trained on 2 trillion training tokens for text performance. Inherent differences in how different modalities are processed In the feature space (across layers), PCA results show the distinct clustering by modality (text, speech, image)."
"During the emotion recognition pipeline, at what specific mathematical juncture does the system split the representation of physical facial asymmetry away from the core emotional signal?",142,0.6046315193176269,"
Facial Chirality Psychological studies show that emotional faces are asymmetric. Powell,.Ryan, and James.Schirillo. ""Asymmetrical facial expressions in portraits and hemispheric laterality: literature review."" Laterality 14.6 (2009): 545-572. However, face image and its reflection are with exact the same expression. Ling Lo, HongXia Xie, Hong-Han Shuai and Wen-Huang Cheng, Facial Chirality: Using Self-Face Reflection to Learn Discriminative Features for Facial Expression Recognition, ICME 2021 (Best Paper Award)"
"Despite isolating the computational weights for different sensory inputs, what core mechanistic feature remains universally shared across the entire network?",23,0.3546559333801269,"
Outputs: Context vectors: (shape:) Inputs: Input vectors: (shape:) 23 Source: https://cs231n.stanford.edu/slides/2022/lecture_11_ruohan.pdf"
What is the primary difference in how an AI retrieves verified facts from structured external databases compared to the innate understanding it develops during massive text corpus training?,114,0.5182918071746826,"
Two types of knowledge: implicit and explicit Implicit knowledge is typically what large-scale language models encapsulate after being trained on vast amounts of text data. Explicit knowledge is structured and can be directly queried, such as the information found in knowledge bases or databases, which was traditionally used to enhance AI reasoning capabilities by referencing verifiable external resources."
"In the visual comparisons demonstrating the relabeling framework's superiority over the baseline, what unusual arboreal obstacle is an automobile depicted navigating through?",58,0.39306408166885376,"
"
"When attempting to assemble an optical viewing instrument in the sandbox game, why was the attempt marked as a failure despite the inventory showing three copper ingots?",98,0.28990731239318845,"
"
What are the three distinct evaluation configurations used to test the proposed segregated architecture's effectiveness across different inputs and optimization goals?,124,0.38255504369735716,"
Architecture MoE consists of two main elements: Sparse MoE layers are used instead of dense feed-forward network (FFN) layers. MoE layers have certain number of experts (. 8), where each expert is neural network. gate network or router, that determines which tokens are sent to which expert. Source: https://huggingface.co/blog/moe"
How is the framework from a recent 2025 conference structured to simultaneously comprehend unbroken visual streams alongside step-by-step written language sequences inside a solitary network?,49,0.4351732134819031,"
Multimodal learning The multi-modal nature of MLLMs is powered by two encoder models (Text encoder and Image encoder) trained to speak the same language."
"In the flowchart depicting the self-critique framework, which specific component is tasked with housing both the long-term and short-term experiential records?",77,0.521864116191864,"
Humans learn from prior mistakes to perform better on task. Self-reflection is mechanism to build long-term memory of self-reflective experiences which allows humans to identify their own errors and self-suggest lessons to learn from their mistakes over time."
Could someone clarify the exact monetary expense and the total volume of textual fragments analyzed during the live run of the fully automated research deployment?,4,0.42492640018463135,"
https://analemma.ai/fars"
Which specific computational step distinguishes itself by calculating relationships based on the final outputs of the previous module rather than evaluating its own internal data?,58,0.3790656626224518,"
"
"Which slide highlights the ultimate objective of adapting broad, internet-scale information over to the realm of physical machine manipulation?",174,0.43602308034896853,"
Harvard University-CS 50: Artificial Intelligence in Python"
Which specific university course is explicitly acknowledged as the origin of the instructional material being presented?,146,0.3745908200740814,"
Let consider one task for now: question answering (QA).: What is 1 + 2?: 3: What is the last day of classes for the next semester at National Taiwan University? Requires external knowledge"
"Which section establishes the initial dimensional shapes and variable names for both incoming and outgoing data sequences, completely prior to introducing any internal calculations?",24,0.36045324206352236,"
Outputs: Context vectors: (shape:) Operations: Query vectors:=xWq Inputs: Input vectors: (shape:) 24 Source: https://cs231n.stanford.edu/slides/2022/lecture_11_ruohan.pdf"
"When dealing with factual domains that shift rapidly, why is a single-pass fetching strategy considered inadequate, and what must the system do instead to ensure accuracy?",158,0.3889914393424988,"
Heuristic mRAG methods typically predefined fixed retrieval processes, suffering from challenges: (1) Non-adaptive Retrieval Queries Referring to the fixed retrieval processes and query structures of heuristic mRAG methods (2) Overloaded Retrieval Queries Referring to heuristic mRAG methods merely format single query by concatenating textual descriptions of objects in images with input questions"
"For frameworks that avoid using direct visual embeddings, what is the required intermediate step used to process an image before searching the database?",48,0.37782214879989623,"
Multimodal embedding spaces are typically learned by collecting large amounts of paired multimodal data from the Internet, often images and text, and learning encoders for each modality using pairwise similarity objective."
"If the simulated character does not have a weapon readily available in its inventory during an encounter with an undead enemy, what specific asynchronous function is triggered to create one?",92,0.35838004350662234,"
"
How does the system filter the vast array of collected environmental observations before feeding them into the core language engine to shape its reactions?,73,0.4593160510063171,"
Key steps: Given an input text, we first sample position and corresponding API call candidates c1i, c2i,., cki. We then execute these API calls and filter out all calls which do not reduce the loss Li over the next tokens. All remaining API calls are interleaved with the original text, resulting in new text."
"Where is the fundamental discrepancy between standard foundation predictors and interactive autonomous systems first mathematically detailed, prior to introducing any input conversion requirements?",66,0.3676730513572693,"
MLLMs predict model-specific tokens (w!, w"",., w#) w#$! AI Agents predict observation-action sequences Policy model: World model: MLLMs are agent models if we can Tokenize observations Tokenize actions (o!, a!, o"", a"",., o#) a# (o!, a!, o"", a"",., o#, a#) o#$!"
"When categorizing the pace of information change within the referenced evaluation benchmark, what specific time interval dictates whether the data is flagged as 'rapid' versus 'gradual'?",166,0.3546709597110748,"
Comparison of knowledge-seeking VQA datasets The annotation of fast or slow is determined by whether the updating occurs on yearly basis."
What linguistic metaphor explains how dual processing modules coordinate to power large-scale vision-language architectures?,49,0.5074004888534546,"
Multimodal learning The multi-modal nature of MLLMs is powered by two encoder models (Text encoder and Image encoder) trained to speak the same language."
"How are in-game discoveries, such as ruling out a specific suspect or certain combinations of rooms and tools, formally appended to the tracking system?",85,0.3079194962978363,"
The agent is able to correct its reasoning trace and execute sequence of actions in concise manner!"
Why exactly does the core processing mechanism require external spatial data to handle ordered elements like natural language or images?,26,0.45655322074890137,"
Permutation equivariant Self-attention layer does not care about the orders of the inputs! Problem: How can we encode ordered sequences like language or spatially ordered image features? That why we need positional encoding! 26 Source: https://cs231n.stanford.edu/slides/2022/lecture_11_ruohan.pdf"
Where can I find the visual diagram that plots the sequence index variables against depth indices represented by the letter k?,21,0.4019534826278687,"
Positional Encoding Visualization (0) (1) (2) (3)=0=1=2=3 Source: https://erdem.pl/2021/05/understanding-positional-encoding-in-transformers"
"When analyzing the structural similarities between the generative and analytical parts of the architecture, what specific restriction limits the generative component's awareness strictly to historical data?",215,0.3575181484222412,"
Real-world knowledge plays vital role in human intelligence. Physical World Knowledge Taxonomy Horizon Deep Semantics (slow-thinking) Planning Temporal Relation Situation/Event (Image) Action (Video) Spatial Relation Object Affordance Surface Semantics (fast-thinking) Object Properties Object Permanence Dynamics Static Dynamic"
"In the negative result report regarding mathematical constraint correction, what was the exact success rate of the minimalist strategy that generated just two attempts, ultimately outperforming a massively larger architecture?",5,0.42259536981582635,"
"
"In standard sequence mapping architectures, what alternative two-word phrase is given for the 'intermediate representation' constructed by the analysis network before the output generation begins?",8,0.558791983127594,"
Input: Sequence x1,., xT Output: Sequence y1,., yT Transformer is an encoder-decoder architecture: An encoder (neural network) analyzes the input and builds an intermediate representation (.context vector) of it; decoder (neural network) analyzes the intermediate representation and creates an output. 8 Source: https://huggingface.co/blog/encoder-decoder"
"In the multi-step search example involving a famous basketball player, what specific physical object is ultimately identified as the symbol of his franchise?",161,0.40693241357803345,"
"
What optimization criterion is primarily utilized when aligning separate feature extractors on massive web-scraped datasets?,144,0.29651692509651184,"
Our idea: decoupling model based on facial chirality to extract facial features for facial expression recognition. Latent space Fo, Fr, We disentangle the chirality feature and the expression feature in the latent space. Ling Lo, HongXia Xie, Hong-Han Shuai and Wen-Huang Cheng, Facial Chirality: Using Self-Face Reflection to Learn Discriminative Features for Facial Expression Recognition, ICME 2021 (Best Paper Award)"
What does the three-letter acronym representing the fully connected feed-forward network component inside the final encoding module stand for?,31,0.4083901047706604,"
Most of the network is the same the transformer encoder. Masked Self-attention only interacts with past inputs."
"In the framework that uses text-based reinforcement to learn from failures, which specific sub-module is responsible for assessing the quality of the generated actions?",79,0.5687831044197083,"
Reflexion uses verbal reinforcement to help agents learn from prior failings,., converting binary (., success/fail) or scalar feedback from the environment into verbal feedback in the form of textual summary, which is then added as additional context for the MLLM agent in the next episode. Reflexion utilizes three distinct models: Actor: generating text and actions Evaluator: scoring the outputs produced by the Actor Self-Reflection model: generating verbal reinforcement cues to assist the Actor in self-improvement. 79 Source: Reflexion: Language Agents with Verbal Reinforcement Learning, NeurIPS, 2023."
"In the context of replacing standard fully connected structures, what numerical example is provided for the quantity of independent, specialized networks typically utilized?",124,0.2910461723804474,"
Architecture MoE consists of two main elements: Sparse MoE layers are used instead of dense feed-forward network (FFN) layers. MoE layers have certain number of experts (. 8), where each expert is neural network. gate network or router, that determines which tokens are sent to which expert. Source: https://huggingface.co/blog/moe"
"During the task of automatically generating textual descriptions for visual data, what specific component is utilized to feed the visual characteristics into the generating sub-network?",45,0.5425772190093994,"
Generating photorealistic images given any text input (Conditional generation) Text 45 Source: https://sgvr.kaist.ac.kr/~sungeui/CG/Slides/slides_24/CS380_Talk3_Diffusion.pdf"
What structural design strategy relies on on-the-fly network adaptations to ensure continuous operation when specific patient medical logs are absent during clinical evaluations?,140,0.36211774349212644,"
Core idea: Dynamic adjust to handle the absence of certain modality. electronic health record 37 Source: DrFuse: Learning Disentangled Representation for Clinical Multi-Modal Fusion with Missing Modality and Modal Inconsistency, AAAI, 2024."
"When diagnosing the quality issues in large-scale internet image-text datasets, what specific physical attributes of human subjects are noted as frequently missing from the original web scraping metadata?",51,0.5797547578811646,"
Open-web datasets used to train open text-to-image models suffer from significant issues. To be specific, the captions in the LAION dataset, used to train vision-language models, come from alt HTML tags (Alttext) and often describes only narrow aspect of the image, neglecting significant visual details. For example, an image of person can have as Alttext the name of the person and the name of the photographer, but not description of their appearance, their clothes, their position, or the background. Source: Picture is Worth Thousand Words: Principled Recaptioning Improves Image Generation, arXiv, 2023."
"At what exact step is the linear transformation formula for the first extraction vector introduced, while the mathematical calculations for the remaining vectors are still kept hidden?",22,0.3982537090778351,"
Attention attends over all the vectors Add positional encoding Source: https://cs231n.stanford.edu/slides/2022/lecture_11_ruohan.pdf"
Where can I find the web address for the 2022 university lecture slides that were used to illustrate the stacked nature of the generative modules?,174,0.3806081175804138,"
Harvard University-CS 50: Artificial Intelligence in Python"
"When the system is tasked with generating descriptions for pictures, how exactly are the visual representations integrated into the generating module?",153,0.5101878762245178,"
mRAG aims to provide MLLMs with more comprehensive, accurate and up-to-date world knowledge from external source. Two categories of mRAG based on the retrieval method (1) One category employs visual encoding model for direct image representation, and then retrieves the knowledge from knowledge base with the highest feature similarity. (2) The other category first transforms the input image into textual representation utilizing off-the-shelf tools and then performs text retrieval."
What specific psychological observation about human physical features explains why an original portrait and its mirrored counterpart convey the identical emotional state despite lacking perfect left-right symmetry?,142,0.5590918183326721,"
Facial Chirality Psychological studies show that emotional faces are asymmetric. Powell,.Ryan, and James.Schirillo. ""Asymmetrical facial expressions in portraits and hemispheric laterality: literature review."" Laterality 14.6 (2009): 545-572. However, face image and its reflection are with exact the same expression. Ling Lo, HongXia Xie, Hong-Han Shuai and Wen-Huang Cheng, Facial Chirality: Using Self-Face Reflection to Learn Discriminative Features for Facial Expression Recognition, ICME 2021 (Best Paper Award)"
What was the exact financial expenditure required to autonomously produce over a hundred and sixty academic manuscripts using a system that processed over twenty billion textual units?,4,0.4327137231826782,"
https://analemma.ai/fars"
Which specific branch of physics is cited as the foundational inspiration for models that simulate the gradual mixture and separation of particles over infinitesimal periods?,37,0.5234498500823974,"
Diffusion Process Diffusion models are inspired by non-equilibrium thermodynamics. For small fraction of the time, it is difficult to determine whether particles are moving in the direction of mixing or in the opposite direction. 37 Source: https://sgvr.kaist.ac.kr/~sungeui/CG/Slides/slides_24/CS380_Talk3_Diffusion.pdf"
"In the detailed transcript of the failed household simulation run, what realization does the system come to regarding the sequence of objects it should have interacted with?",84,0.4343187391757965,"
"
